frame,id,world_x,world_y,speed_kmh
1,1,4.709802436978235,2.310905367013068,0
1,2,72.17666334806198,-459.1968840327178,0
1,3,6.933129613669794,-36.84186165072878,0
1,4,-4.486434972159802,-69.94218035392828,0
1,5,2.857737604709505,-27.574793745983722,0
1,6,2.120419798815713,-33.04403231416752,0
2,1,4.706654103281028,2.244548519957357,5.978834298220355
2,2,301.059369720217,-1931.038005656055,134057.81962526188
2,3,7.09717395601287,-37.669689304984736,75.95323751089276
2,4,-4.671560789343334,-73.34404415998418,306.6207531747356
2,5,2.8609434890350656,-27.601035510480727,2.379317964380485
2,6,2.1507494417052007,-33.12065965199099,7.417024520095996
3,1,4.743530982496545,2.263078329600237,4.846591773050105
3,2,-648.5777570964702,4197.459210220706,346102.5288009128
3,3,7.1254694322631185,-37.99019727508561,52.45557367528388
3,4,-4.2357281206705775,-68.77995969079251,359.62846775467926
3,5,2.8687535657216046,-27.43717602012267,8.57170700448458
3,6,2.1432883142119055,-32.82759300400568,16.9007846338378
4,1,4.755264298941053,2.2493208040447783,3.77350583522527
4,2,-100.40084065675157,658.9339942968713,338157.0503297096
4,3,7.246088972508475,-38.53951534917069,51.842533409832406
4,4,-3.71504597913427,-65.76015420036781,331.6832727977232
4,5,2.9135917270286775,-27.42110212748058,7.143438676979127
4,6,2.1723043357298155,-32.73616639148718,14.144806735825371
5,1,4.7330264072204296,2.192449326096397,4.204083513683737
5,2,-44.851715698499,296.19326621974585,261874.59926424111
5,3,7.4305580609132456,-39.21350201007704,54.604343402037486
5,4,-3.3460650989151057,-65.23198105715316,263.25905215030957
5,5,2.9458642881688317,-27.437044098290404,6.167474199655599
5,6,2.2573816027030706,-32.887452149052606,14.513863738579515
6,1,4.717134683006068,2.154284372022982,4.107411850713907
6,2,-30.398020817002102,204.39184642566744,211172.46057786606
6,3,7.498909694101844,-39.61680445323139,51.0464386138459
6,4,-2.7337099209998335,-62.05366215504712,268.8691291767913
6,5,2.961331170339403,-27.354745935421757,6.441280492884324
6,6,2.2921042937926677,-32.789206856622016,13.486705048886572
7,1,4.681945389761063,2.061055839233696,4.9175723747483815
7,2,-22.54252169187105,153.25314749296828,176753.12841828738
7,3,7.670445599039495,-40.61137387436922,57.67750337272896
7,4,-2.24690692492152,-60.05599307697166,254.8995150633758
7,5,2.9867067294565572,-27.383291734273687,5.94064374340322
7,6,2.3685342766885102,-32.74926986132203,12.53244854010263
8,1,4.644948311789622,1.9460904531584329,5.767842113545986
8,2,-16.31107796719379,113.50950875756817,152019.91394149262
8,3,7.9528795174457745,-42.26313793737015,70.98304598619559
8,4,-2.0015350374214615,-60.8596737902303,229.28920138007317
8,5,3.004526214913978,-27.469144215560416,6.21932397927966
8,6,2.468470968886996,-32.792969311591875,12.144469726768131
9,1,4.633199492152399,1.8496276534577796,6.140087884996118
9,2,-13.295670509338647,94.38682779486227,133235.21307930848
9,3,8.178398332885308,-43.7878732458077,79.45004864700442
9,4,-1.779281527190937,-60.634551238739924,204.18697916806562
9,5,3.032843150056531,-27.516693925741492,6.064514803221636
9,6,2.49932032074039,-32.74874628051236,11.23301023765464
10,1,4.607741080662924,1.762206600454438,6.368381637321566
10,2,-10.743797293320664,76.79097160992308,118609.09989958313
10,3,8.538550039169793,-45.56010452385928,88.70682505068991
10,4,-1.557790269605919,-60.718770852383855,183.86916402388243
10,5,3.116345721176948,-27.681801404331157,7.2409003219444985
10,6,2.57874587116552,-32.72845259635072,10.804669400895968
11,1,4.6379723430825175,1.7253989228951758,6.180379045054451
11,2,-8.664686188005621,63.15596447545957,103851.71271946352
11,3,8.821312186815659,-47.30798753695313,97.97364731703418
11,4,-1.3023194100701792,-59.518889913274045,162.067952565395
11,5,3.1770215042017926,-27.897890719984307,9.22099469045538
11,6,2.596400471659383,-32.78323906458812,10.556163246005205
12,1,4.615970106023945,1.6559730276245057,6.495962895364624
12,2,-7.167997149044542,53.169412972264446,41936.33377861258
12,3,9.187774609004217,-49.16577913514697,113.69200505639004
12,4,-1.0443743330361455,-58.98435187715819,122.15469278489049
12,5,3.191969667111524,-28.071254099958644,9.32060592630021
12,6,2.650758259048047,-32.87525438215223,8.693265447439309
13,1,4.577121758471895,1.598431699357263,7.009424509653808
13,2,-6.020797992639319,45.02212076089092,6211.266697599806
13,3,9.534413835416467,-50.85216111272075,125.28435078090037
13,4,-0.7350379872737041,-57.96718561469697,102.14267202687925
13,5,3.202934988089688,-28.211261123601194,10.248641159402386
13,6,2.6985179057929796,-32.941458007472875,8.550387164363492
14,1,4.55348855034206,1.5115000713084854,7.299646501020092
14,2,-5.299164180224941,40.401498330735606,2588.3390315928073
14,3,10.12807313023729,-53.97985471383514,150.13195371886988
14,4,-0.5321276497472481,-57.758183014607816,98.61272264999334
14,5,3.23276665878178,-28.359678225965627,11.402542583565635
14,6,2.762568357139055,-33.00377957572223,7.708385377952804
14,7,4.890992589333848,-27.314418681119523,0
15,1,4.505505075431098,1.3802810499884737,8.28340278084246
15,2,-4.5554208924923385,35.110042288321054,1712.4508514917247
15,3,10.585242533277203,-56.40755190155773,170.74509709568633
15,4,-0.4019193699539562,-58.40335276405387,72.82678680413981
15,6,2.887955993616181,-33.51231490048607,11.904031965797786
15,7,4.950124597917319,-27.529644824390477,20.088130480706223
16,1,4.472058814939759,1.2913400286703507,8.237135466887597
16,2,-3.9933744787038967,31.622430298736848,1230.3916605478014
16,3,11.199545060969653,-59.58549500592246,193.02027609427944
16,4,-0.2500307723440095,-58.47810605288742,53.958388498662515
16,6,2.9819008599074084,-33.70643348704354,13.19824374070841
16,7,4.9808315252348825,-27.70568784023483,18.085611677204938
17,1,4.4894737139572625,1.2670225636111416,7.32851925238981
17,2,-3.4586165076432556,28.856702756564673,856.269276219519
17,3,11.73369449743501,-62.878902084363,209.62733011972463
17,4,-0.0501119439226916,-55.867726616849126,71.73559048962731
17,6,3.034071866716158,-33.851054234815955,13.644942858274383
17,7,5.023535385317561,-27.90234310644299,18.094227924260533
18,1,4.487917311834044,1.2230258162513064,6.797005455453549
18,2,-2.8937640963621845,25.46197605875017,697.0935954204618
18,3,12.576660792096554,-67.44552934303104,240.65188320095362
18,4,0.18615410327357085,-55.63126165049976,71.91481231866797
18,6,3.0785486227094156,-34.266168156291094,17.28064174349769
18,7,5.114164123181723,-28.280990889838534,22.330880940597698
19,1,4.498051042336186,1.2126236104656267,6.031703122799851
19,2,-2.4871989673614388,22.983916802459024,544.4061061304158
19,3,13.372265173485273,-72.21936934624111,270.9641568866354
19,4,0.38274714262351706,-55.76377981456595,71.9160477695715
19,6,3.089583925984274,-34.552873975593634,19.330051482066445
19,7,5.177305717403336,-28.623951050060516,24.14173944285451
20,1,4.537292256244758,1.2511275826278907,6.10515699255739
20,2,-2.156707859723676,21.370129495896954,422.9528019745404
20,3,13.951773144437215,-75.82512267782384,289.7783359751
20,4,0.4644743385737101,-54.841655878761735,68.9056722858733
20,6,3.0750991852740306,-34.111693265689034,23.168628057914148
20,7,5.183386555390796,-28.801887873948818,22.788726661500316
21,1,4.537002656762999,1.2513808164947993,5.380714685352613
21,2,-1.913287175941865,19.699171282718485,338.8579232938616
21,3,14.643236006173524,-79.80143179999203,311.2022581735896
21,4,0.6231221999167718,-53.409480254502554,77.37982599721994
21,6,3.093738753699451,-33.89097015154401,24.31499728024157
21,7,5.203132446154277,-28.940541023043146,21.333864379016152
22,1,4.532444033869898,1.290056482270794,5.075872156152364
22,2,-1.688929911443898,17.615337089407216,277.54006634352737
22,3,15.396953755727736,-83.94793489667894,336.1303497602364
22,4,0.8470269106506856,-52.3893388850042,77.19243425749345
22,6,3.120000198578865,-33.750636046162676,24.926371714655005
22,7,5.227023440196792,-29.02576831077226,19.662897434140483
23,1,4.511824132716668,1.1912333749868829,5.18451796550146
23,2,-1.4616827260309548,15.941680846507367,247.66385951571056
23,3,17.271200005074466,-93.89330086212318,405.499294128253
23,4,1.0074237263126289,-51.2985693055102,85.30444759776339
23,6,3.1519245752678398,-33.80861596120543,24.694581842869802
23,7,5.262406246312215,-29.177495703084652,19.036115152183946
24,1,4.486820181074222,1.132328357634519,4.427269540776734
24,2,-1.2587633953956894,14.46985376633677,209.0866631152262
24,3,18.70572090046255,-101.91258981777578,462.2614642684343
24,4,1.1678991652686848,-50.62648521406042,85.63243947771608
24,6,3.2123936853431405,-33.967790154668464,21.159658696205426
24,7,5.335606077448327,-29.52800841617972,20.3848460700145
25,1,4.469694991295972,1.0879282262487044,3.952933481003348
25,2,-1.0436477021020516,13.109254744658491,187.53555640442664
25,3,20.237525364509338,-110.0936085829534,513.1256496244935
25,4,1.2970074478538864,-49.95408331313929,90.78641409686327
25,6,3.2395649309318895,-34.134971594747206,20.696845730469345
25,7,5.373999493604643,-29.715871169284362,20.51529418333286
26,1,4.48887686397971,1.0905385700725667,3.847418564862588
26,2,-0.824829468105454,12.20771246263091,168.64321866138582
26,3,21.635438295011053,-118.37808774955256,563.7771532038245
26,4,1.3146636028416465,-49.376839585302555,70.38131352164254
26,6,3.214649491576048,-33.98484540119489,20.68121036763185
26,7,5.401369157560689,-29.880944594530988,20.176179970263355
27,1,4.528855436094568,1.1278396046581682,3.953953117229108
27,2,-0.581495084582136,11.13550316617497,145.22397390982843
27,3,22.691390298840254,-125.57416067286091,590.0707255291657
27,4,1.3435692136061637,-48.87435108799702,72.07179224337727
27,6,3.161524749016598,-33.522035802131,21.164798654203675
27,7,5.401402818807882,-29.915713691566946,16.630444438054255
28,1,4.557770976100716,1.1706693711603955,4.325498261282942
28,2,-0.4409310715660875,10.495075233790757,126.66880165937806
28,3,23.840108306910466,-132.878535886159,615.615389617014
28,4,1.490380844281711,-46.412881557985905,94.35936832611868
28,7,5.313095428485085,-29.728735043024738,15.211032970175012
29,1,4.62016812427498,1.2780873086015423,5.0179887737398845
29,2,-0.29221162891020863,9.734675105801038,117.94406385206837
29,3,24.2672937773969,-137.35121994770702,624.025519283958
29,4,1.5256694741642804,-44.914880236269305,100.0861518303385
29,7,5.217770604522267,-29.467222621187688,16.2140693476434
30,1,4.6092710039369615,1.2855800481092614,5.146387127939843
30,2,-0.16299759564753813,8.793887462963813,110.55430563473082
30,3,25.38586096584699,-144.85461986634388,659.5288620088071
30,4,1.6087702050867636,-43.42798763853353,100.56892309261607
30,7,5.170662608651918,-29.26169046934418,16.922164501069894
30,8,3.18307342683298,-31.018856638549938,0
31,1,4.610990828869704,1.2990603156382592,4.892848489665784
31,2,-0.014698085647188117,8.101724244086185,96.67425317593634
31,3,25.552803744247537,-146.98181329558676,638.721716706827
31,4,1.7135873998919824,-42.59633282627322,98.50702272591461
31,7,5.101060670007578,-29.12286428334347,17.59000848335943
31,8,3.203583415122917,-30.32538337799184,62.439884401740564
32,1,4.620060886963092,1.3005099137979395,3.9751860734484348
32,2,0.15073152477775106,7.157062176163402,89.3744958308884
32,3,27.899783210162635,-162.4007345421774,693.4826196601293
32,4,1.7834104805444808,-41.52911951804835,98.17697629661387
32,7,5.0563960390986695,-29.062310094322793,16.784469668279232
32,8,3.197901021691876,-29.7853206878666,55.524108462899136
32,11,3.889333164623579,-22.04733107337015,0
33,1,4.5947334742309085,1.2404934460274466,3.986682317509584
33,2,0.2740303133992125,6.195789665800548,84.20847992622072
33,3,34.312361733732025,-200.75039245734132,1000.8377352997029
33,4,1.8840883200207443,-41.209914436376444,94.61426209722985
33,7,5.040474611014518,-29.160014952829695,14.193660172139369
33,8,3.237837133656379,-29.679654440241713,40.404910462505434
33,11,3.900371167323612,-22.053157685356396,1.1233316419642918
34,1,4.626899779628748,1.2686923333632045,3.938566859701745
34,2,0.37075985369301234,5.601477389757716,76.45481257086698
34,3,38.63221212799716,-228.29734948323767,1196.4419780206817
34,4,1.8730616388287813,-40.74390102340091,92.42885267155582
34,7,4.995015486842013,-29.114621836307965,12.918624263883395
34,8,3.265393743224963,-29.57434769468758,32.752865195898266
34,11,3.898424318517581,-22.012705970868552,2.3840999449468994
35,1,4.702024068143385,1.3450225686630721,4.815959308788003
35,2,0.5006779474484243,5.071490100434818,72.63442373168111
35,3,41.282300699342535,-247.3829044143117,1305.1126842530766
35,4,1.8149952553503104,-39.74445201594323,96.66505946326234
35,7,4.923627167020424,-28.900998050311557,13.4977175035391
36,1,4.734026572180148,1.3716133545534965,4.685262617377684
36,2,0.6093527230777616,4.493215173678768,67.52365680144933
36,3,44.62155846312564,-270.5250081601327,1466.1991232105017
36,4,1.9117256635732978,-38.44684796252133,104.64391200974791
36,7,4.884872546750483,-28.682890514430447,15.365264908190776
36,8,3.241453796873148,-28.972569651624138,31.622578557427737
37,1,4.75929002333438,1.402386172164922,4.56664080671187
37,2,0.7416345333372446,3.944387981177476,66.61237225265431
37,3,46.005876408838425,-283.0453614524168,1518.2241224826967
37,4,1.9048187897833657,-37.26985220007766,91.75563376857681
37,7,4.825661751681722,-28.443097142563932,15.767389930476847
37,8,3.2418900459697806,-28.668643927639263,30.911039354003425
38,1,4.786893113122598,1.4432560012033273,3.8175649430588567
38,2,0.8457553156828036,3.4209346439838653,64.20138549024867
38,3,49.530797423490135,-310.15466278334935,1746.6688124527898
38,4,1.8744233660449665,-36.21765556913019,87.29782027805027
38,7,4.7742447371100365,-28.204968537213126,15.420110410420474
38,8,3.2150825564595817,-28.284898351066868,31.441072441150567
38,11,3.717671715294904,-21.34871257712538,6.750570236693515
39,1,4.754133561030011,1.412010892835458,4.138027542575305
39,2,0.9111640156413358,2.764815565678127,61.29890130570579
39,3,74.67894333048683,-466.4613264569246,3253.9734291483123
39,4,1.9064628108101298,-35.252796841995185,82.05959575326034
39,7,4.786005831351129,-28.194264775292055,13.47052043781333
39,8,3.216731139842375,-28.001813169709177,30.695700679984324
39,11,3.708283591867492,-21.2784569699438,6.6577297094295735
40,1,4.7153250538585665,1.3643797098844261,4.616528648380053
40,2,0.9837385003151876,2.1437362887659863,60.473233474615505
40,3,240.82564248880325,-1514.8314212732848,13847.176026668123
40,4,2.0114931924808777,-35.19709774070204,74.86611033608722
40,7,4.768929579681943,-28.260800819691905,12.604474867864162
40,8,3.169000677011439,-27.76607025659399,29.690330628114225
40,11,3.710772499238943,-21.250386705876412,5.833430788873665
41,1,4.732691860566899,1.3729378279245155,4.718286732378879
41,2,1.0807379967471515,1.5907263935565554,56.497380553934505
41,3,-533.3082554137834,3434.6979846733007,63788.24130687658
41,4,2.0470811607952824,-34.99718070343817,66.20175961302812
41,7,4.751484257975556,-28.303250824053197,12.310978613148194
41,8,3.1340270259596474,-27.640469857737944,24.056353118237936
41,11,3.717145605205636,-21.227767242114865,5.213694436987813
42,1,4.7230069670990575,1.3568648398220837,4.254522154934044
42,2,1.1367486604629162,0.9740885736294712,52.997666544664455
42,3,-87.90064572150538,569.5014379111394,92395.52213255057
42,4,2.10144758202049,-34.88395158669123,64.11074952364409
42,7,4.754279031979666,-28.40001047542571,12.289042739854565
42,8,3.123282463314115,-27.655293481667538,18.83850798925709
42,11,3.7328698008428867,-21.24237598516287,4.744835400425806
43,1,4.752464767274412,1.3863377179860494,4.243457712299506
43,2,1.2300120409876423,0.4584701865970683,52.21619134423944
43,3,-52.13843289643228,343.57393492067735,94404.09003025026
43,4,2.1217884152699313,-34.64092137971543,61.88811054520396
43,7,4.733352099562304,-28.373904450027666,11.981203697224537
43,8,3.119889075548794,-27.403838461324586,20.223674433286554
43,11,3.7171884045818535,-21.210483162266833,4.551550711353008
44,1,4.808513326144871,1.4698668764488436,4.178389151047768
44,2,1.3407014276139881,0.044929428655741024,51.040386746281904
44,3,-40.726899105816585,274.1458593474126,94914.99993034152
44,7,4.679087305719767,-28.277932075838315,10.831353873877687
44,8,3.129314043346126,-27.129314597953723,21.882004994539226
44,11,3.687485810334287,-21.14558327886597,4.75956223067278
45,1,4.769473112395521,1.4275907005138853,4.337757421940812
45,2,1.4275387273636329,-0.3849694801760781,49.5422233112377
45,3,-31.20780995146022,212.65782922354856,95303.3871593109
45,7,4.663189367735012,-28.2287451710208,9.133038544697195
45,8,3.156426202814158,-27.04607992863324,19.746124934531128
45,11,3.661753724403002,-21.08823024436066,5.263358040651779
45,18,3.2301737264695602,-24.539387149005943,0
46,1,4.750474175629579,1.418414091881295,4.150601142162089
46,2,1.4761987640435856,-0.8855197816890263,48.92588411614188
46,3,-23.899179024803974,165.48766016360085,95654.75083511327
46,7,4.656883778670614,-28.216226721019538,6.80325198135427
46,8,3.1649100036781537,-27.01755217709927,17.004489744939704
46,11,3.665209692867282,-21.06285879284001,5.114430147986493
46,18,3.235650109551698,-24.510604589066727,2.636902516090987
47,1,4.741618376418331,1.4003920663871252,3.858223327331903
47,2,1.5284119601069026,-1.343137662195796,48.19467080785523
47,3,-18.116425165004276,127.58128750998473,95764.82502290282
47,7,4.664559910686122,-28.31316225252032,5.339478004600007
47,8,3.1655738521458168,-27.05020083696064,13.484235942173113
47,11,3.6808436484331044,-21.075915684981165,3.5977317353836886
47,18,3.2517435549349205,-24.402696078451292,6.228041102042322
48,1,4.6877903753745995,1.3068847373687271,4.48445346038652
48,2,1.564462317313953,-1.8325950276008147,46.50878948000367
48,3,-13.637348878442161,96.00988812728588,94500.53266562126
48,7,4.758298221544469,-28.628044514220175,8.465839127590208
48,8,3.2269283859047873,-27.23498158229938,12.600341586537386
48,11,3.7124730506095482,-21.152267352020164,3.7153687393375114
48,18,3.3094899009031633,-24.467871754550146,6.764355540180247
49,1,4.674169473848211,1.2617540378189396,4.341470748270016
49,2,1.608018958817045,-2.2741498309157664,44.69271702006365
49,3,-10.841134785428308,76.9020713346928,84079.10602822287
49,7,4.889954060345709,-29.210470596345004,13.750124557190166
49,8,3.2393980065100565,-27.347753288929574,11.329668431061233
49,11,3.7501148416649417,-21.22972233080804,4.2947371891120545
49,18,3.3630823532012006,-24.479219613039433,6.305832352381265
50,1,4.695199411944266,1.2858472207388598,4.467664023349403
50,2,1.664152933408002,-2.664042882403011,43.01732465398778
50,3,-8.444109513625614,61.64486662552187,34136.519070658294
50,7,4.973987250376481,-29.62650790316025,17.535567329371485
50,8,3.268009095452268,-27.432949698141325,10.924603576006637
50,11,3.7955516124184845,-21.29392196456004,4.846252983764717
50,18,3.380481559735529,-24.38521325330987,6.765519359302632
50,22,8.994283930795858,-4.122373891311543,0
51,1,4.682798465684507,1.2685111624641319,4.4931589860599805
51,2,1.710863983884108,-3.0410645914351755,40.62460399298909
51,3,-7.108065939451957,52.715010832993954,5230.709770001715
51,7,5.004951332932658,-29.862192852316138,18.9446699243005
51,8,3.3072693904559096,-27.458464321906757,11.209750034966184
51,22,8.740846839760016,-4.107105448811324,22.850694169710604
52,1,4.692020162974705,1.278263843135304,4.210677787725531
52,2,1.7811655196359257,-3.3980425347072143,39.023098248175486
52,3,-6.084252946031533,46.137403299716375,3009.873824766847
52,7,5.014085638290622,-30.01136101341505,20.104562130560154
52,8,3.316305982541866,-27.4047676503409,9.239488322989569
52,22,8.68620248193226,-3.9535927478361907,18.758021514165137
53,1,4.714696324769569,1.2921560183966194,3.470699673561513
53,2,1.8540077315259602,-3.763033007948087,38.46399759171125
53,3,-5.221947086363844,41.54297709671542,2353.0237628696623
53,7,5.017424161105819,-30.223126635487503,21.11996780280473
53,22,8.60764002769203,-3.8383276150993515,16.690117566675205
54,1,4.695551844757579,1.2792333635995154,3.1262283769969703
54,2,1.8760732164668974,-4.12791814618579,37.73369900949492
54,3,-4.512365975943367,36.85304589222271,1778.2518085310528
54,7,5.068183073934269,-30.598990970759473,24.395806987866518
54,22,8.451987387736747,-3.7659266225919454,16.38010151748306
55,1,4.665949875100141,1.2404954286679823,3.4027729624507845
55,2,1.8894960501970361,-4.494671547963295,36.37458916359776
55,3,-3.8957875174168084,32.67002651465641,1343.2038074083257
55,7,5.205183999996421,-31.39074376594099,32.29082202475534
55,22,8.496132718379105,-3.5683316569652614,16.748473637061227
56,1,4.623486395954677,1.1540780796858225,4.164835717441591
56,2,1.9265094304684391,-4.825048205767241,35.09315530790478
56,3,-3.3161789833968776,28.661144691025402,1000.2602033589964
56,7,5.30615719258119,-31.922661290757926,36.73259728545693
56,22,8.92927234771734,-3.1319808501246107,23.179463012112553
57,1,4.555495555181842,1.0452035899458183,4.36950226441488
57,2,1.936267639703743,-5.171166199938458,33.64787864468715
57,3,-2.847828335386699,25.222907291311856,716.0846730733703
57,7,5.415450621303814,-32.476855400184796,39.09589251251569
57,22,9.269696655549916,-2.5955754037655683,28.036389828351293
58,1,4.53117972006057,0.97322015005195,4.657882949641256
58,2,1.9625328242197735,-5.5352876508228395,32.86157481277742
58,3,-2.414201750248337,22.74447398198761,548.1321807928971
58,7,5.595908277139896,-33.288645163896994,41.4407375149387
58,22,9.331711723028418,-2.0611299842975535,30.584694220154987
59,1,4.550750824111842,0.9713120645098798,4.534718907837047
59,2,2.021914043950845,-5.867482915435186,32.29705120958859
59,3,-2.080124054594086,20.884974848871543,412.5813653485909
59,7,5.5651669048507575,-33.53813004419617,39.71006283043871
59,22,9.408240658451334,-1.4814999583729382,33.03299767861435
60,1,4.554695140880315,0.9773934833109946,4.394055882958062
60,2,2.0998881358907293,-6.102493639571983,30.974093633082582
60,3,-1.8077134787675426,18.725560689073273,344.0541623422501
60,7,5.545817991558565,-33.67391767153923,38.70455270108508
60,22,9.253190280785605,-0.9701970736948478,35.83698271226056
60,32,4.038280682606392,-22.211124246446975,0
61,1,4.5626032669489405,0.9954595349998463,4.457044965096994
61,2,2.043916000090784,-6.306749016174848,29.45360439786666
61,3,-1.544253309876569,17.22919548495881,292.6798812594784
61,7,5.548511827281054,-33.87743199053195,39.24539848121441
61,22,9.224843067070314,-0.44904275907593205,39.42674642624577
61,32,4.054005708763996,-22.23761905970937,2.7728933945391763
62,1,4.575413233905161,1.0152976898882504,4.4272581256768815
62,2,2.273705651526256,-6.219407936857225,28.19000966997429
62,3,-1.3111127870231811,15.973730030362285,258.7027037078002
62,7,5.507195124112975,-33.81651061493081,37.86358263780599
62,22,9.297847790547555,0.14063353372341403,43.973605857996425
62,32,4.03753813349245,-22.214360898126024,2.6688465214317674
63,1,4.541463324018192,0.9908449432639029,4.614674349061378
63,2,2.3595559816832994,-6.328362231702443,25.921623373946076
63,3,-1.102323754032263,14.556125236255525,225.59861339058415
63,7,5.544994824132759,-33.95999928106743,35.55466035096439
63,22,9.144486654224568,0.6180400245726605,47.27127863874753
63,32,4.036849997476374,-22.238229035964533,2.495572679660738
64,1,4.5146069055892175,0.972385979754932,4.453022801407062
64,2,2.4649835669752567,-6.445463651037277,23.827315243166044
64,3,-0.8830579963133488,13.015134794358076,198.88156017807918
64,7,5.604130853123925,-34.247470973332696,30.45438813500266
64,22,9.21620037301483,1.3143001272138042,52.24605178724931
64,32,4.049155882021492,-22.28063945742189,2.8652726421849315
65,1,4.507673031935016,0.9690588448848149,3.5670650296075186
65,3,-0.6523739390385145,11.853550058631534,170.21860176582743
65,7,5.622588383406785,-34.5289377970428,27.86093664112717
65,22,9.25824681391055,1.9043373377749724,52.013118442277126
65,32,4.068480025288325,-22.314197354256905,2.9892516888127516
65,8,3.7085190299590445,-27.481984650114317,6.800125997295768
66,1,4.489294946661454,0.9478708196445563,2.5639396905079246
66,3,-0.467737324967379,10.64283207145983,147.76586216329605
66,7,5.634610665556003,-34.707990016612776,24.00680770056894
66,22,9.267503671977707,2.498496032613517,51.60232080948567
66,32,4.092945091177851,-22.3356740451107,2.9793587836461835
66,8,3.7236627838347895,-27.36543661412038,7.100013588050398
67,1,4.506641749579994,0.9501874580619605,1.979153390207985
67,3,-0.32046739257979084,9.719108658058786,131.95894624890488
67,7,5.648010053552505,-34.847660829355014,17.093874222382006
67,22,9.072197240056784,2.841359020523465,50.16788617818412
67,32,4.094203873902412,-22.32436215728102,2.7000723816910543
67,8,3.720165762172909,-27.35734330844706,6.8905534550683125
68,1,4.551394510699851,0.9774402054799879,2.306491682355868
68,3,-0.12528935108028585,8.751422741286484,122.9379660377831
68,7,5.5796171756502595,-34.65139647745342,16.658552677796695
68,22,9.287792276495084,3.582457710426709,52.039498750950294
68,32,4.058121918223282,-22.238683506416592,3.4084345601485424
68,8,3.667385189307474,-27.020776706110013,9.97079943576823
69,1,4.550499749542923,0.9871442143981802,2.3314580366016857
69,3,0.012737033044744783,8.079049336392387,108.03662341797961
69,7,5.536596735378305,-34.506860722663795,16.79498346465402
69,22,9.437262688161512,4.375902959531199,54.77056012901879
69,32,4.022407381595187,-22.144888377675155,4.033365677223375
69,8,3.645581437977265,-26.897283294217992,9.277828517631873
70,1,4.564247066804411,1.0208190405420947,2.4979756006815785
70,3,0.16075675293340283,7.255543214148315,101.20984016594879
70,7,5.535742926124854,-34.47704762146268,15.057915243533749
70,22,9.585497270537681,5.275052196540126,58.66417687383412
70,8,3.626972254358767,-26.836010973145147,8.783597515650168
71,1,4.582530069489229,1.0625321845243834,2.7172698084105935
71,3,0.3263620654327226,6.4790612366714715,96.38000335524447
71,7,5.462542355336083,-34.130459239614986,17.864153177751007
71,22,9.555639410816893,6.021534264575391,60.19318372655992
71,8,3.6238494758874835,-26.642671229999113,9.818524554019213
72,1,4.5641530023274015,1.0693684353007615,2.4949502713385416
72,3,0.4179526007118603,5.895312468036681,87.9599288641578
72,7,5.426660185376623,-33.966112068564534,18.062499824755264
72,22,9.76794290974244,7.074792134031185,65.92325510962206
72,8,3.6080211151877326,-26.55489752625934,10.242192004602623
73,1,4.5661415525169815,1.0746815138556687,2.225796955115142
73,3,0.5050645073734233,5.2901071289887485,78.50923622163269
73,7,5.4022326750862275,-33.9931631304157,15.492069410101411
73,22,9.863968739922159,7.955114249597017,67.7792584382968
73,8,3.6340986268867033,-26.536399497638996,10.017395320132701
74,1,4.613173004292039,1.117710257124072,2.7863393446103095
74,3,0.6356448018049855,4.685191200448299,72.85503459479489
74,7,5.354746731365395,-34.008162324477915,13.169340797031115
74,22,9.97392282961221,8.838498513652395,70.76593311607024
74,8,3.657577727200847,-26.497460322565875,10.16460232263631
75,1,4.634387668649224,1.1433532789269498,2.838670273744114
75,3,0.7667194971484312,3.978369671975715,67.79659893071644
75,7,5.30927522378127,-33.96396048333559,12.008936904273463
75,22,10.004013462519476,9.768511464989734,74.12862127517718
75,8,3.666317503401403,-26.427319753735873,9.696154328397533
76,1,4.673713875458248,1.1973004507225355,3.331258440624127
76,3,0.8542474103418299,3.4591643196279014,63.70801884897066
76,7,5.273111238853623,-33.92972334052473,11.103813679277826
76,22,10.285797663158004,11.194389549717721,84.7172893082322
76,8,3.6176551087888766,-26.296723068895343,11.001672269295447
77,1,4.727556048042445,1.281281067571003,3.8048644208948383
77,3,0.9653758249588389,2.994005374056798,58.618781755069186
77,7,5.183401616514254,-33.52097921124632,13.210147244071521
77,22,10.795752364133897,13.015477256783484,95.9104837922842
77,8,3.4870766292779907,-25.875810717292904,12.00188873744453
78,1,4.733298040535411,1.3161340468497273,4.060640758765871
78,3,1.0526732071581726,2.436979399883671,57.39308893727693
78,7,5.125501552722096,-33.2069209322172,14.895633300528646
78,22,11.073162292653109,14.229409749163995,100.28873366419496
78,8,3.486464492471048,-25.510600316937314,14.399963327976613
79,1,4.7331948341700425,1.3491060584786465,4.026634206032342
79,3,1.1417207510282552,1.9248286864841382,54.2244015228706
79,7,5.088628786367472,-32.98380306596067,16.858821698617977
79,22,11.244633200268108,15.54501314871319,104.4431778533922
79,8,3.465148447790751,-25.34356360158806,15.443517369516277
80,1,4.748221225910083,1.3845317917145077,3.956002753211032
80,3,1.2279732338301077,1.4195568204734361,51.41075571264606
80,7,5.0451108486129215,-32.77834988810453,15.416594981060358
80,22,11.776254861293761,17.63022207400723,118.49149107073146
80,8,3.436419174792642,-25.16816639623952,15.287212714187875
81,1,4.726673131473565,1.3808848243632326,3.978473912635706
81,3,1.2937542210408026,0.8287248259363036,51.44667801715404
81,7,5.040417546643474,-32.77495374973448,13.792339944803302
81,22,12.007476500076603,19.37472611980812,125.34468156823053
81,8,3.3588149298427017,-24.85333344243951,17.637882015766376
82,1,4.726739368670562,1.3792833235255473,3.937772430751647
82,3,1.3589767539968924,0.264398259474338,51.013083946649154
82,7,5.031303337207935,-32.93559518080543,15.036856821305731
82,22,12.233244344958386,20.95870670073424,132.4891351350967
82,8,3.3260903790681424,-24.762449764626762,18.28411876046915
83,1,4.744228721498565,1.3915079506182746,3.5137040692519808
83,3,1.4648092751262851,-0.236668322846038,49.94580380278057
83,7,5.007865925890729,-33.039627563991026,15.605269910566575
83,22,12.724139685393126,23.214818843387054,146.67612825775626
83,8,3.3053754820610344,-24.724537729180895,18.26143995349757
84,1,4.743610837401713,1.3803320094518636,3.292823916467421
84,3,1.5198431851535308,-0.6737038703292998,47.16195178428537
84,7,5.008738756888933,-33.48285566236259,19.403409603750227
84,22,12.954432304251522,25.04189789628823,155.78648589540322
84,8,3.3819136715495803,-24.986133195553062,20.280234571954967
85,1,4.7443622071432126,1.3573921074888666,2.8547496776045054
85,3,1.6026602177325506,-1.0828170787604146,46.07075162657199
85,7,4.954644445039345,-33.62377293509929,20.41484479018766
85,22,13.086776098930427,26.973380055222933,160.6120476227244
85,8,3.3894802393563093,-24.998615355638155,19.03251639669572
85,43,3.429722640951212,-24.759610962886335,0
86,1,4.746575361159172,1.351874849079925,1.9166123544862559
86,3,1.6693889904165338,-1.51586010076429,45.66979956313405
86,7,4.928711829945344,-33.67680776849464,16.820470975898033
86,22,13.868152287446625,30.51067380346032,177.92631346356978
86,43,3.408316894405629,-24.62849645447497,11.956533127923553
87,1,4.717399542583374,1.3285657231725125,1.9368201953297652
87,3,1.705895126653612,-1.9323561812241696,44.212477456905425
87,7,4.937621036688283,-33.73526176600985,14.21825205618374
87,22,14.083003726935221,32.60437221204954,186.52098482653955
87,43,3.397084049678134,-24.473769238312276,12.959315457202067
88,1,4.722560986573018,1.3512467247136688,1.8397072200799742
88,3,1.7666347126445958,-2.325635286932314,42.99355227000933
88,7,4.897080243930769,-33.545402441904635,13.898204725164575
88,22,15.091617117787811,37.132586076358514,219.64551006054438
88,43,3.3581998922794436,-24.31039906440239,13.677560338976155
89,1,4.715172065906867,1.3179624435462518,1.7958444963824252
89,3,1.8413366168082546,-2.711229702062918,41.79538187612816
89,7,4.978925340733767,-33.94506631179807,15.877671198919181
89,22,15.252986553635964,39.35756415775081,220.43462896935645
89,43,3.3654920110927686,-24.315371422418476,10.456756611757799
90,1,4.695775300132901,1.2820011831562033,1.9858877766540717
90,3,1.8927510891954926,-3.0981279565844546,39.75355078584519
90,7,5.071053256443116,-34.59319928591892,22.366218725746243
90,22,15.256172738826267,41.45837636338049,223.8451679292213
90,43,3.403908218968421,-24.380180850289804,9.721519479956417
91,1,4.726979432426609,1.3237740580579789,2.4912678364318896
91,3,1.9570665955556268,-3.4790042284372733,37.93540264830343
91,7,5.148812211287364,-35.34821632657806,28.347327588547316
91,22,16.408549428797976,47.787198406737765,272.17408739586216
91,43,3.439724533905555,-24.408711060748367,8.788125606101454
92,1,4.730035963290159,1.312291790261173,2.39670702499254
92,3,2.000750268804708,-3.8467114659877386,36.51711908188876
92,7,5.23847619823154,-36.12198001602204,35.0703446027525
92,22,16.643752711964225,51.03125955777836,281.6108493261969
92,43,3.49059227396635,-24.413297575831265,8.189346016517147
92,45,12.582920817624212,-73.60566307457975,0
93,1,4.707180719780397,1.2885793805573387,2.6141157507482227
93,3,2.031538661758206,-4.2007578448815295,35.66607463253154
93,7,5.423388011066694,-37.202978127992566,41.605047760414486
93,22,16.54575933487134,52.793676232617784,280.8468842467746
93,43,3.5681109776479065,-24.569540203270986,9.127856699984312
93,45,12.918140531047351,-75.6477071121594,186.2438199571323
94,1,4.721057421540986,1.320914749879687,2.7364657011279814
94,3,2.053313505098469,-4.534837097489908,34.839841899014324
94,7,5.495093821383781,-37.63479759450097,44.47294038909207
94,22,18.274540194302467,61.49912284646667,350.2412027318091
94,43,3.5615216228390123,-24.414502655429548,9.665425539543449
94,45,12.640549040460986,-74.03811560463689,166.6227926935884
95,1,4.702996837094577,1.2976718776003062,2.971369188830907
95,3,2.1216746054534883,-4.923095639687347,34.40060936268489
95,7,5.60194241810485,-38.32765668089696,50.89307960046026
95,22,19.35560923021533,69.05185704677916,390.31264633505776
95,43,3.5856247419991427,-24.430916194692845,8.628531979268503
95,45,12.657126996864406,-74.54899982612558,126.41645552246518
96,1,4.6650132983268815,1.2513162235880535,3.1972325324829627
96,3,2.1341653648917855,-5.257962372095138,33.57067632712712
96,7,5.65317433712936,-38.95637884947262,56.60984968142961
96,22,19.292534689176236,72.16280540510242,400.3815897838403
96,43,3.6232568967167293,-24.5519480330422,8.344661053187602
97,1,4.670984752313171,1.238158843319266,3.1091142320317124
97,3,2.164691819766272,-5.609261277754642,33.117484612070704
97,7,5.70954172798253,-39.587784706806836,61.00762439355968
97,22,19.590153002319123,75.68347623115956,389.32203616575754
97,43,3.6410863509329197,-24.694202613724947,8.098997679756593
98,1,4.629807970459521,1.1445008473081484,3.7912691197996002
98,3,2.183641480270528,-5.961599658200054,32.71832222656789
98,7,5.797716421617958,-40.51226341110714,66.21478454243938
98,22,20.56660361462058,83.54270067958394,446.2103198918956
98,43,3.691994874353853,-25.005554968944242,11.165605803593719
99,1,4.59881950903765,1.0867990787951132,4.037644511214919
99,3,2.264603720545569,-6.176365633317896,31.11052447160429
99,7,5.800842814887454,-41.21103137103386,66.65605483656357
99,22,20.71631101437421,88.01336711189393,469.933896930074
100,1,4.592016383150741,1.0475937924026946,3.9141474252283865
100,3,2.374253875774841,-6.264202070298388,28.652775249668466
100,7,5.7607688805134005,-41.4012433718146,61.009823856056464
100,22,21.490735749454554,96.41068817116448,489.9346376958943
100,43,3.7606589154651235,-25.45985809384867,12.709523114074837
101,1,4.562593430659419,0.9989834967274538,4.363540146321225
101,3,2.571592509060131,-6.301339339221308,26.957872370870707
101,7,5.824875497354078,-42.04517645942478,59.691571543890795
101,22,21.54315340402663,101.98200180120229,513.1244756458232
101,43,3.7846332731739065,-25.58485848214193,13.52440384304162
102,1,4.562648548414788,1.008786586651385,4.132233783201184
102,3,2.52264426005799,-6.403864711506219,24.540153419543643
102,7,5.803291871763046,-42.207733263660586,50.36441317491401
102,22,22.787338061739728,114.09658126970658,617.2561034590804
102,43,3.7782327550641606,-25.52615266151311,13.60419994530296
103,1,4.549317366063596,1.0044235672410646,3.9206316638929306
103,3,2.608805791071208,-6.459721253640364,22.21910039547095
103,7,5.838920060484909,-42.492100870596374,48.852996091833006
103,22,25.306116009426407,133.17079854737256,720.8997027446327
103,43,3.7961392847808275,-25.50992348098276,12.101708040108495
104,1,4.543672612066274,0.9991708333806796,3.7033889605962926
104,3,2.7529277329581943,-6.569451112776827,20.088194355913043
104,7,5.88443701067888,-42.86978994458384,45.64672065384486
104,22,28.521038414138346,158.971223108883,904.6021283544737
104,43,3.799970004250423,-25.481665818234443,10.835094243592604
105,1,4.558549864382448,1.0288857902240887,3.436401509317877
105,3,2.8572023333123373,-6.6048287054285515,17.838323439298485
105,7,5.869816161828214,-43.08260246905548,41.471801946917026
105,22,34.057741134469744,202.3091609140286,1310.3880628885765
105,43,3.7755962560545364,-25.333011434777035,12.049877342641928
106,1,4.570495993139031,1.0362554710626202,3.432275645868616
106,7,5.928295728291466,-43.83472301370346,42.67653889424989
106,22,38.4597393652527,235.93738183050627,1614.206904665183
106,43,3.7715009809157523,-25.235312762659785,11.760248731300369
107,1,4.57537233271127,1.0239599800768475,2.54144669407358
107,7,6.023475158468629,-44.99361255633126,45.01771263286542
107,22,49.275332908253404,316.26970419020705,2345.581745837787
107,43,3.7789739310334025,-25.27595353996054,10.739794424025893
108,1,4.579782534988512,1.0160793811284503,1.976789762620731
108,7,6.142875077654083,-46.08066745917655,48.96588876373288
108,22,59.1361130839025,397.7735013082046,3121.8313823168287
108,43,3.7735272463329084,-25.25465205580132,7.8047937485505186
109,1,4.573848600795784,1.0172248495573617,1.6393129071792307
109,7,6.214887700472288,-46.76819352537007,53.93488451013451
109,22,95.82840861977404,688.8090607539721,5970.896133347944
109,43,3.7773668417825688,-25.178198231683247,6.27298144316808
110,1,4.566492565344805,1.0236580395544275,1.1688216171070904
110,7,6.256868815642995,-47.283014152315836,52.62901639794011
110,22,501.6671419303997,3874.2086894068825,38026.667372683114
110,43,3.8025897577739975,-25.070669289558932,6.104670309017177
111,1,4.574041976922742,1.0708599804734478,1.5488076661128538
111,7,6.170041558744983,-47.04005504265872,53.56926151671771
111,22,-68.38341265278535,-566.8446109241505,82679.77916469306
111,43,3.7969398243968886,-24.96513731502538,6.570964348408323
112,1,4.5854872818421395,1.1094655019948665,1.81120158954019
112,7,6.0690973798117485,-46.58226151419526,55.391259382404975
112,22,-41.11316550824341,-358.1175536715609,84592.39065828262
112,43,3.7671270459325426,-24.750230645372255,8.498944139304676
113,1,4.607845375912862,1.1403769194165627,2.115591934713124
113,7,5.975865090835515,-46.17408393984258,55.77393880255401
113,22,-27.061657145395124,-251.63083268174904,85406.48918310684
113,43,3.7091702719334383,-24.49290478658115,10.851501228070541
114,1,4.646738680525598,1.193714934383947,2.4434038381962493
114,7,5.9138808217997525,-46.19644918065087,54.29975477658047
114,22,-17.707441200487253,-176.08121265649976,85730.8525316953
114,43,3.713525532139195,-24.250343302326517,11.771113819111001
115,1,4.668016933234658,1.2234873915519302,2.6689850401894613
115,7,5.895161663526622,-46.33248093344219,48.12898552799114
115,22,-14.973357328663576,-156.58388751016093,85588.58231416423
115,43,3.7163547688410414,-24.164037380003375,11.656791989717751
116,1,4.695055849781308,1.2545004667019524,2.948163772786752
116,7,5.83863992587314,-46.3889932648912,37.30034199751815
116,22,-11.707217032296494,-131.7746545498096,85028.24400145172
116,43,3.697105850330146,-24.0866658447122,12.0408709229806
117,1,4.694638354111649,1.2465826168921335,2.9371451634622576
117,7,5.934766262050507,-47.410890579511445,36.628501256167226
117,22,-10.147847041615863,-122.67834016247724,84299.55271171394
117,43,3.7150514502642547,-24.115851443568893,12.163616901579173
118,1,4.676037931382136,1.2378112887636625,3.082358569527945
118,7,5.984931541709716,-48.04369973913263,36.06357431197869
118,22,-8.84491589297437,-116.37007846526281,81430.57253312255
118,43,3.710304584612243,-24.02037786059043,12.354030276058904
119,1,4.683307740350923,1.267894378658475,3.294126199151623
119,7,5.8372165035724475,-47.27592440787272,38.71683890337351
119,22,-7.127128612983588,-102.81260068259779,49455.744389531326
119,43,3.6661733694049787,-23.735252840678893,14.134755311938953
120,1,4.696820070464706,1.3011391191170012,3.1749664247762523
120,7,5.760325480286448,-46.90055072392198,39.968438319847614
120,22,-5.883089012604367,-91.92018296475155,4790.481874709337
120,43,3.64300133113179,-23.571650912221763,14.730272083579429
121,1,4.705505216509862,1.3284703824956192,3.0590829873563767
121,7,5.642655306641169,-46.35326044677266,40.878504264575255
121,22,-5.072050949710382,-83.88023420359323,2766.2798780083053
121,43,3.6253296671559423,-23.365190764822636,14.632775721895039
122,1,4.709706906001214,1.3274091586883259,2.7209222714426775
122,7,5.46568484509858,-45.98196769487052,40.80471712313959
122,22,-4.498967842059971,-77.32622820928707,1757.9719434003268
122,43,3.5959716460264426,-23.258134067711797,13.105148718796222
123,1,4.7348555303107105,1.3502023005421733,2.400206972146142
123,7,5.439320703898352,-46.77398050735356,48.07027423380837
123,22,-4.110039248022668,-74.83769422516147,1021.8942142381937
123,43,3.606805087200137,-23.27439280536261,10.874516907819945
124,1,4.740117513051779,1.3540405449398312,2.09939226284588
124,7,5.523963382924993,-47.9195626557659,58.18418605004131
124,22,-3.7315274958998286,-73.03860610504337,843.3980574893167
124,43,3.609857372678257,-23.30865623353024,10.354985203412678
125,1,4.742952881705592,1.3535840948951288,1.716660664061817
125,7,5.664163788965335,-49.0860728395992,69.13396619810247
125,22,-3.311254810138302,-71.20212392127596,612.0045988076175
125,43,3.618998304359757,-23.348141430192957,9.962979682601867
126,1,4.7286084377470265,1.3249973506205832,1.9572104165403366
126,7,5.88992547074988,-50.88631460406436,77.01330638062348
126,22,-2.7953675290626623,-67.69321968375274,555.1807784497978
126,43,3.636226823920418,-23.405818429211294,10.222317319959023
127,1,4.712037527313507,1.3199234713795245,1.9248651991596861
127,7,6.014682306460158,-51.74123729968994,79.30513671376302
127,22,-2.321231475695998,-64.59339948251538,522.1253686152847
127,43,3.6294941476546,-23.37936778845314,9.539342697312389
128,1,4.712757410287549,1.3320401212062376,1.7367550661456312
128,7,6.034240837684216,-52.083959835360574,74.91937909946793
128,22,-2.0133127356723985,-62.65570507459276,405.08674612430605
128,43,3.618343474584008,-23.293340896816822,7.521607298346339
129,1,4.7169795249675674,1.3370025311301084,1.4430513614980258
129,7,6.00313587311029,-52.38420766413811,74.10624748911437
129,22,-1.739046745798975,-61.27004108573133,309.5799135389994
129,43,3.598130930423921,-23.277097343025687,6.128566207447638
130,1,4.720147844917096,1.343648068898245,1.2298926226469726
130,7,6.051219995959106,-52.831906885029724,73.01101538305004
130,22,-1.3893891202196933,-59.605715588339706,245.7789762854337
131,1,4.73806148457047,1.3545847927985541,1.3964396745246956
131,7,5.807311528802992,-52.17774176861095,75.87947503338626
131,22,-1.192696680415896,-58.30431368555297,193.15066027348934
132,1,4.7405096379242675,1.3284199013565696,1.3198230169298808
132,7,5.896959618749955,-53.98965572386068,86.09626373422137
132,22,-0.9391243785526844,-57.10973540940819,180.17517486735028
132,43,3.587633446427244,-23.366521737381156,4.356543740716351
133,1,4.723670084963305,1.2963132194620073,1.617239799900287
133,7,6.0298141321368135,-56.11958543530494,95.94990613176469
133,22,-0.7543394035388901,-57.07912264151337,163.66346363265905
133,43,3.6168051630576183,-23.56403649076486,5.243026048572222
134,1,4.69366971058005,1.2582771117270009,2.0729555678404794
134,7,6.1639391884016,-58.22230268745127,105.27076037696186
134,22,-0.6462270821806043,-56.93363645638263,146.6364695662293
134,43,3.6684979099972854,-23.685315284439326,6.366010341628881
135,1,4.6728771928599535,1.2318361225490113,2.089488354777198
135,7,6.359418565516173,-60.56163061855744,110.6021459281528
135,22,-0.5129239560599236,-56.46519975395192,116.04056557793041
135,43,3.709253699885123,-23.7482589959793,6.7718822172958095
136,1,4.654457510140275,1.2265856954445478,2.1077190772853496
136,7,6.454769627334587,-62.11576788345751,117.53296670911001
136,22,-0.3630099937048255,-55.67412931329515,92.73335095740403
136,43,3.716517029519226,-23.73234704851074,6.54150071502633
137,1,4.655693542500992,1.2328518311966057,2.050207714168691
137,7,6.52918222187548,-63.32503471669443,126.21570675130933
137,22,-0.18659096652560614,-54.23264416851203,87.63568275852701
137,43,3.714663339830091,-23.697049002407642,6.293015909199834
138,1,4.661820326216441,1.228339042236329,2.0611465473156887
138,7,6.751885491083243,-65.87896063055949,148.83333374470723
138,22,-0.03343270320445261,-53.15225095260973,84.42217357646523
138,43,3.7131040116830714,-23.71502574995843,6.200517879383362
139,1,4.666497675992932,1.2228397911600009,2.0597186728923607
139,7,7.0442440035893235,-69.37340708220422,179.3971440481472
139,22,0.08514907014692259,-52.474915291527466,74.29196145424818
139,43,3.7102804534406006,-23.77295282424071,5.913010881773816
140,1,4.668238033537138,1.199757570539811,2.0813126484306768
140,7,7.058880997829579,-71.23265408282505,191.00861917110942
140,22,0.23239173152934808,-52.416087045472004,62.7157388625716
140,43,3.7202718527438607,-23.83054624637222,6.238240714312673
141,1,4.6362737524398865,1.1251722082574822,2.6299820284506663
141,7,7.400217418002658,-75.68253716434604,217.4968685549851
141,22,0.36233546990116366,-53.02756291957297,56.75509801584184
141,43,3.777806565110881,-23.909794974583342,6.917428897899319
142,1,4.59788278814241,1.0685556950872002,2.951487937774002
142,7,7.8995098153007035,-80.85061230914212,248.07755433169618
142,22,0.534376675981309,-53.69925707138763,61.81582900990051
142,43,3.8298363796919195,-23.991795341813823,5.891996851886333
143,1,4.570642861616507,1.0212600916710306,3.0128453009635594
143,7,8.2417762816686,-85.12127483429938,269.8512065042926
143,22,0.6759460070791762,-53.33310591111706,63.92891402020328
143,43,3.867874600500873,-23.99961578337043,4.9619767555904115
144,1,4.553590366991589,0.9944137104395129,2.9945176256716164
144,7,8.359752827077193,-86.4270675968414,259.4875102266394
144,22,0.8305694682109047,-52.650874234990255,66.05391306850724
144,43,3.887443685703169,-23.963770024498135,4.620509091111907
145,1,4.545781391510987,1.003649819413066,2.9239325656362443
145,7,8.225958868584193,-85.63439903171712,251.95572226680244
145,22,0.9496802384371171,-51.065634572504614,73.89949435621678
145,43,3.84185245862388,-23.841295118568897,5.752449532684015
146,1,4.567045160352006,1.0415651459173407,3.294772848680789
146,7,8.031104874413343,-85.55045988726604,241.96182753977695
146,22,1.053096522574356,-49.43703364462341,75.69589815695687
146,43,3.800019334149394,-23.72537092914238,6.631396075412401
147,1,4.591322798427171,1.074483112669023,3.6277017646031737
147,7,8.06168763219988,-87.70599076646887,237.88313148470777
147,22,1.165201878171136,-48.23445464962857,76.86187586749566
147,43,3.7966272460618686,-23.698044203189408,6.726318100155043
148,1,4.600246543684354,1.0839084545077038,3.68530413159858
148,7,8.178782855130208,-91.13636010419532,237.1402538913179
148,22,1.2924092504350693,-47.69463484173044,75.53155548784041
148,43,3.8105994699297026,-23.720847432927723,6.413793782539321
149,1,4.602029037577095,1.0808397353705825,3.4893152355016563
149,7,8.629296784848247,-97.92070384360575,286.54006234896417
149,22,1.393240370925297,-47.306618141774024,77.95499716584057
149,43,3.8457646879657714,-23.725404100003573,6.183849313771437
150,1,4.590772156520998,1.0529046262472885,2.9790330785693886
150,7,9.227545934322585,-104.83750527778284,311.3367609790296
150,22,1.4728054610342078,-47.33152653997526,72.53742082892792
150,43,3.881308480686954,-23.721268495658578,5.562368794875882
151,1,4.564489528429117,1.027054384456223,2.6636270382223675
151,7,9.686947373594794,-110.00247478204395,311.26898554870803
151,22,1.4750164572657738,-46.38051906100698,75.11375459381583
151,43,3.8924907531156907,-23.687144376772274,4.95032301163015
152,1,4.559670375871736,1.037763583383381,2.235270751894124
152,7,9.53334351604566,-109.32109600469379,275.4102050271757
152,22,1.5423071728025366,-45.70643907184148,77.9623918869222
153,1,4.576924781223815,1.0863160660826299,2.4324999536813414
153,7,8.888657706438028,-104.58983943903263,310.0488639232292
153,22,1.5958285119232452,-44.649612389677,81.54885785423977
154,1,4.607227487589811,1.1434056870646485,2.957885472845142
154,7,8.335420078783866,-101.39553796261407,334.42862166809766
154,22,1.579774177255449,-43.22898327959276,79.85897405914238
155,1,4.660064390929024,1.2289894365160647,3.5289754040130026
155,7,7.954353118060835,-99.984391926714,346.92390036902583
155,22,1.6461954336491016,-41.812467113793126,77.72088886497
156,1,4.695914645550515,1.2646656149082973,3.6257223922646045
156,7,7.712948950082006,-100.34519739447711,329.7075804856556
156,22,1.7418779273515714,-41.423930648629955,69.64440549291042
157,1,4.697821585969035,1.2613201869065453,3.534433828692635
157,7,7.722810424836815,-103.49444507815933,326.8765390099047
157,22,1.836567632939529,-41.17201066469468,66.78963042849543
158,1,4.694074344114184,1.2557973063097596,3.5656866646509084
158,7,7.9435054256415425,-107.64878868238233,300.4857000581357
158,22,1.9117641843369693,-40.81352080402311,66.44350773741259
159,1,4.686561271690741,1.252079075095503,3.348335797384369
159,7,8.255327625231404,-113.43876572449503,289.0431248006888
159,22,1.8929417906439885,-40.03014396510851,73.4458085675128
160,1,4.67598063079254,1.2568244561576611,3.0956486585217897
160,7,8.356170454757024,-116.80070505112083,270.8240375037119
160,22,1.9186727490470086,-39.19795291473837,72.26159557561039
161,1,4.686463680714903,1.2904495713385948,3.330426458594207
161,7,8.095209261878251,-116.50946218088265,267.74979890106937
161,22,1.948972435522269,-38.24234468319327,75.04817683043358
162,1,4.711179375961989,1.3287223820114915,3.270749514835625
162,7,7.620340739040124,-112.81261819920842,257.2722076588621
162,22,1.9525233885370816,-37.49334844505902,71.95641271895872
163,1,4.724966647650967,1.3370690196300903,2.7855845600563445
163,7,7.320062875916192,-113.19892475674963,229.7464896524173
163,22,1.9779642144068426,-36.802884632821005,64.65853800323958
164,1,4.744130637710997,1.348700651736875,2.003962572003557
164,7,7.320618836522541,-117.33717739121653,256.51209069107466
164,22,1.9809086279940942,-36.44338480396594,54.072931106353934
165,1,4.751680962830216,1.3440137644245251,1.587060314021325
165,7,7.360433111272025,-121.53686311817742,294.1696768279466
165,22,2.038058581736513,-36.219596738767166,52.38118642471626
166,1,4.732263292627693,1.31230779144462,1.920347690740452
166,7,7.698734803022794,-129.67485241792878,344.12722538119186
166,22,2.1068296720401167,-36.1560679223543,50.626143299238606
167,1,4.714634032805955,1.2850175505390629,2.1784983653246353
167,7,8.19802277085303,-141.03579523863507,416.24429794399657
167,22,2.1691658169725963,-35.987369422964505,48.76169875275539
168,1,4.705593467255323,1.2751970533092492,2.22815209776767
168,7,8.497956234136701,-150.24897247479186,450.4412024472754
168,22,2.213693857751175,-35.62441764062338,44.58239943492065
169,1,4.699838125380386,1.2808183095859047,2.1926417837807444
169,7,8.743766545621984,-159.39703963478075,508.3203789501819
169,22,2.2058098125277192,-35.072648208635414,41.774769488760526
170,1,4.710030390892038,1.2899986132910597,1.977599913407251
170,7,8.716194940645662,-163.49966577629758,545.4370278144647
170,22,2.186964462274328,-34.78818980991898,35.06470445350125
171,1,4.7267016823250465,1.3049054409973264,1.745643623666956
171,7,8.904107392717604,-170.94733327488976,582.6652231305823
171,22,2.2195460996648166,-34.37216027661561,31.747691994337263
172,1,4.731153941970465,1.293258303630164,1.7091653775461202
172,7,9.777571751055687,-192.80717621038667,796.5452427382488
172,22,2.2491110690171614,-34.21550399609038,26.43258547422752
173,1,4.7255381749676895,1.2505399573470533,1.915847257245973
173,7,11.211574384085042,-232.2522907133458,1149.874436355748
173,22,2.3039797839631477,-34.380775774786606,24.57888375400575
174,1,4.713437962439305,1.2143875546106357,2.2082160857573445
174,7,13.98528677615876,-299.15801145920005,1777.507601876484
174,22,2.384562213620004,-34.6051224143069,24.65298042753422
175,1,4.671814339882233,1.1406648192680269,2.6830360505097164
175,7,17.736317591155583,-384.088376082532,2546.1890040921603
175,22,2.47045467485666,-34.77036679253953,25.579087832515906
176,1,4.63667059451358,1.087351914346134,2.9966852629344816
176,7,23.87625462531407,-531.3040703539702,3905.9066965546194
176,22,2.5592913301715785,-35.00964995454208,26.33303497935341
177,1,4.609278051359164,1.0351523755911913,3.4527068899421525
177,7,30.831751691252226,-713.5182008406053,5637.194467178279
177,22,2.6148937026417665,-34.97040039853107,23.35690409118363
178,1,4.599382923576227,1.0064093944492196,3.6762422170743374
178,7,43.60304113734924,-1047.3705603960732,8886.646263112823
178,22,2.6461660653873067,-34.738020419135985,20.183394189452965
179,1,4.611346357485015,1.0040970156577373,3.660919313167759
179,7,69.94838575510248,-1803.0358135985737,16406.86270363927
179,22,2.669358963794832,-34.475601135558314,19.966996486523307
180,1,4.632313159496335,0.9974842679371637,3.657128851126531
180,7,278.8152875071864,-7704.1508450690635,75380.46474905091
180,22,2.7091947917220676,-34.35901081529922,17.02604176951063
181,1,4.6393386581674205,0.9568542094595027,3.9447677412283517
181,7,-44.61189455346865,1303.6584762408263,165297.82997951828
181,22,2.7824873641573387,-34.61701809229479,18.11397982629076
182,1,4.639383195526326,0.9053009587032811,4.029441537562637
182,7,-17.49466871219276,570.4596898483624,172240.11903814343
182,22,2.8573866849871714,-34.93696944071522,19.658575061768985
183,1,4.62939730523413,0.8575335374049277,4.136205676419956
183,7,-10.90559938061869,377.11849639221407,173505.0215145411
183,22,2.9163555078069536,-35.17962278962459,19.77193455720717
184,1,4.611715528795328,0.8237135875327667,3.6712233654498183
184,7,-8.026644843310443,284.6139457104358,173580.38332938243
184,22,2.958324849029031,-35.224766764415946,18.52598448611838
185,1,4.593439654365955,0.7766132781087992,3.5378996147947763
185,7,-6.730555285429848,248.9227442012712,172464.09381711
185,22,2.974489475379037,-35.14853168949507,16.752866159883336
186,1,4.60228814776791,0.7630468749172072,3.110366256483776
186,7,-5.908869978627203,235.91223271950454,170770.9897919485
186,22,2.968419183323685,-34.591901611813704,21.63889881370001
187,1,4.6168484960500065,0.7434918946788269,3.0501840484053444
187,7,-5.105112967486791,222.68013343037734,167562.5891865926
187,22,2.9261488209237347,-33.86498790527515,26.575568059213268
188,1,4.638504078236398,0.7065617681477211,3.3564473926764697
188,7,-3.824549315440405,194.63472742566734,160282.09182107422
188,22,2.91776391793422,-33.56003823402962,26.99179534564218
189,1,4.647659917917527,0.653056597791002,3.6794274780136536
189,7,-3.224044068565346,175.17459945705846,101428.6833086153
189,22,2.926514935181444,-33.352315440236254,27.838786416597866
190,1,4.639895892832511,0.5876808718462775,3.9254489976293456
190,7,-2.593093984268526,156.05671461107562,11483.828147964468
190,22,2.9698444233606307,-33.28878376407091,25.92563843412624
191,1,4.626557631819681,0.5262125746475352,4.038904434883953
191,7,-2.166219375935169,140.64978392392104,4300.955800881152
191,22,3.006667835554307,-33.279539337553096,23.01928683785743
192,1,4.617074079484262,0.4641563862000209,4.178670509639035
192,7,-1.9521137004136149,135.26292715053114,2420.3325145770773
192,22,3.041607251260822,-33.14877354806168,21.87565979118544
193,1,4.610319552108297,0.4444792279603127,4.005079804001353
193,7,-1.7457603142027012,135.74844660949134,1500.1146353831393
193,22,3.0425793280793054,-32.775687079528765,24.990144078730324
194,1,4.6337332118724675,0.43919152245298015,3.739895536168565
194,7,-1.3890847923283582,137.61914903444173,1162.0113817587553
194,22,3.032125270747891,-32.28169372621753,29.151883849147257
195,1,4.661505870700845,0.44220375875437645,3.857280792159439
195,7,-0.9647461950063938,142.05839256006402,1076.2418380121906
195,22,2.9973579689795757,-31.77117926301575,28.702221720919194
196,1,4.684364054462733,0.39738000685506514,4.1166339549521815
196,7,-0.4559934051661149,144.13682591218281,965.0748881517534
196,22,2.9599089737497195,-31.32960233219385,25.852425442503208
196,76,3.8463428183238775,-22.09004113006801,0
197,1,4.695533461229483,0.3329729887793299,4.342205377919303
197,7,-0.06758697593106791,141.5892787025585,710.0984842881145
197,22,2.9154785560445022,-31.01242952423284,26.004472743777225
197,76,3.8367399951291277,-22.071359838380584,1.8904389613537764
198,1,4.696505502974926,0.24162711395423828,4.712886896968712
198,7,0.13110423354528353,137.18837594124818,559.4584311462531
198,76,3.8395627114777406,-22.07345755096196,1.1034770380290295
199,1,4.682755031553451,0.15812407310558713,4.900811653698259
199,7,0.2796797956423139,125.12005754138326,488.86782375075717
199,76,3.847315170570157,-22.072248087543596,0.9710384470446668
200,1,4.671749138549776,0.07916760396983652,5.069021967275947
200,7,0.5565907131417778,116.08434107837,425.13897796538765
200,76,3.8481004231029043,-22.068107170586742,0.8231099021037583
201,1,4.694476765421976,0.07074861179331902,4.683623835221551
201,7,0.7628725046465691,114.09282103658197,391.2496266784185
201,76,3.8385864355491015,-22.08051515971926,0.9399299685232789
202,1,4.699288194385262,0.04173035948385134,4.769726286285768
202,7,0.9884462180098114,110.8917603796252,418.06409629548307
202,22,2.9837171237683138,-30.04832459289898,25.858435993084864
203,1,4.716519340106864,-0.005991459999428403,5.037067169425235
203,7,1.298662909754639,111.71776844260997,407.8434806076235
203,22,3.0161757689312756,-29.365123967522496,31.929141350965025
204,1,4.723744449153451,-0.07197859956485675,5.421526907910566
204,7,1.6356534406634362,109.78896898158129,382.82886652171635
204,22,3.0274531457947704,-28.952961815247644,35.67264463133127
205,1,4.734725667836959,-0.14787281424573434,5.6852157621614605
205,7,1.917198682399921,103.47871248672365,424.5962776720245
205,22,3.0516880618819,-28.885513892044152,35.035811428109696
206,1,4.7216432353160505,-0.2322900089291457,5.885781337861019
206,7,2.1745540854782965,99.10606381963252,442.6285740425737
206,22,3.076501798457611,-28.913001722223164,31.67524507415467
207,1,4.673973378427287,-0.3474511334637157,6.2186456093642475
207,7,2.307861777815591,93.55725765508153,454.0787895141671
207,22,3.091012178229277,-28.957758542814666,27.20470779961769
208,1,4.643958890057757,-0.4233948229197096,6.188966875977635
208,7,2.2909112972199854,88.99965523890896,378.96279950867716
208,22,3.112101631998547,-28.937188065517496,22.382341219437414
209,1,4.615009043950391,-0.5102235178416137,6.30704520582514
209,7,2.3225847615745585,84.61063146777465,332.4545939735169
209,22,3.149040734603411,-28.85557904519968,18.84651798291177
210,1,4.588430522257121,-0.5985758458637557,6.987311702879927
210,7,2.348882286051567,80.08270195830409,357.71290391124785
210,22,3.186573569289887,-28.813103419844946,16.21064524955056
211,1,4.593014837447481,-0.6391905927857667,7.101893893535919
211,7,2.425955323148796,77.66096445619205,349.852553003237
211,22,3.235086013650907,-28.752634905570293,15.052846900000738
212,1,4.5960555148084,-0.708484235290815,7.288123071320214
212,7,2.5069339310912278,73.82521514174665,379.3951940192089
212,22,3.227631694102877,-28.593633251591804,9.804897441269167
212,86,3.666867363939796,-21.396641121488678,0
213,1,4.566679612766888,-0.8043645791295851,7.627103268374114
213,7,2.509685401619194,69.92712588532491,398.7959278096372
213,22,3.244288330042995,-28.58164363350266,5.886963604638309
213,86,3.688943747827889,-21.4076380115725,2.219733400305161
214,1,4.55940784870333,-1.0075183501848046,8.893096583635966
214,7,2.505311202024513,65.12753844430844,383.626479792781
214,22,3.2940008820917597,-28.73662877404791,6.797894152696441
214,86,3.72767058477449,-21.48685404893203,5.077771772295919
214,87,4.943914538837965,-1.5736629264432311,0
215,1,4.608670548896628,-1.309218434775275,11.095802887927862
215,7,2.557601488229666,60.30822920865589,388.0202534648352
215,22,3.3152556733084886,-28.91698669877879,8.24364337585702
215,87,4.967228714251151,-1.677403107979899,9.569491414265794
216,1,4.6387520260758,-1.3795850102125682,10.614696091076507
216,7,2.498708934957608,54.72359438253747,388.36563424885446
216,22,3.364066618850968,-29.062433551463187,9.307328009266392
216,87,5.024069291003275,-1.5708558488569124,10.218981478984645
217,1,4.646724012234956,-1.4870876565339761,10.876076941140159
217,7,2.478169596125736,51.59223463137247,374.10356599657746
217,22,3.4130926127895993,-29.10262383080947,9.646665538502988
217,87,4.926063781590006,-1.7534908583649587,13.030737940184316
218,1,4.647921560795295,-1.5300221763007233,10.390312338476425
218,7,2.551966811843478,49.203112424695654,354.114802341333
218,22,3.423414774680046,-29.073721809170294,9.057767794832108
218,87,4.923871958073807,-1.7804727161387812,10.382145011676995
219,1,4.795700296389208,-1.5304857684122695,10.945472060832854
219,7,2.6309869497134963,47.3934248475676,326.94886324867014
219,22,3.424924841217772,-28.977289900102647,9.455381292023684
219,87,4.880877051065883,-1.9892091889809569,12.141848252620079
220,1,4.967563293822183,-1.581563881067508,12.329672303929353
220,7,2.7273736349528193,46.07309099529855,315.95770064548697
220,22,3.4130716856129673,-28.886084611467087,9.599868833756403
221,1,5.05053723703949,-1.7294462873724763,13.331766005854865
221,7,2.837360236765386,44.17223011426766,296.632062687542
221,22,3.4112885616583193,-28.867871800572907,8.191104795377694
222,7,2.8511042755237077,42.4795739944243,274.57827959653935
222,22,3.4340838119247454,-28.887519622000983,8.286816476163224
223,7,2.848996825734518,40.72449990587744,244.13313879214255
223,22,3.4599059288150324,-28.8941848904092,6.925873141012307
223,1,4.786691551155401,-2.394491952250896,15.906331062755498
224,7,2.8988312949158765,38.299604800434196,220.19128102966806
224,22,3.4935187206499836,-28.928563956877273,5.59061849533928
224,1,4.724715020849127,-2.573699551601012,15.76971103754836
225,7,2.8981223047752405,36.5065602074008,182.27227494100106
225,22,3.5088797349872314,-28.894405676747482,4.430964456178924
225,1,4.693299544192099,-2.7031584509941458,14.044917133441357
226,7,2.9296644675498404,35.329800246375015,162.7298299949649
226,22,3.507092597172877,-28.7605413123134,5.135786806274662
226,1,4.685804615271925,-2.8099706205890445,14.350397227373975
227,7,3.0241920796165025,34.24535999259641,149.71273620179366
227,1,4.723952175327883,-2.894437696767663,14.199237347145022
228,7,3.05889409132137,33.43470482769016,139.71259230406727
228,1,4.7380012927760395,-3.008076081644965,14.914760549363475
229,7,3.1303450461795297,33.147248333417465,129.4361528980184
229,1,4.752732925646494,-3.124635459001926,14.611832274105861
230,7,3.236024327875161,32.462901179534065,117.32033836855213
230,1,4.750156853458637,-3.2529346250965854,14.102155774311685
231,7,3.3034224586122036,31.21051719424999,112.93518137018738
231,1,4.757203515703883,-3.3839035140732245,13.718042043836155
232,7,3.312443036159962,30.308326563921387,104.40678508631926
232,1,4.761383459594655,-3.5319741972925756,11.621978396857937
233,7,3.3502287299616746,29.51203121422083,88.12462724832781
233,1,4.761056048418147,-3.6682423085745786,11.088444732704943
234,7,3.3498761268191664,28.855282377361895,76.76166923141844
234,1,4.853947109611533,-3.8225605339506856,11.55747364716035
235,7,3.4861197969334983,28.53796461299369,68.4431443976632
235,1,5.139831876098161,-3.972710635563617,13.715891955941608
236,7,3.6120309321419,28.18898470393697,61.26761577560353
236,1,5.254416579300999,-4.11966953232375,14.652580247253402
237,7,3.716142383652088,27.63575804433171,58.78301770292099
237,1,5.251812435852113,-4.271080581180452,15.021879284533732
238,7,3.7830228175978187,27.083304133247815,61.38585815875737
238,1,5.238590797436751,-4.415969075548754,15.301917998679118
239,7,3.8337146652401164,26.408898316520837,61.22435318299339
239,1,5.198916349988801,-4.57566105292575,15.664133921400545
240,7,3.84700262771748,25.779076627641505,54.98200947586767
240,1,5.140538814575649,-4.738997246253759,16.08710104156777
241,7,3.8472098270609956,25.10106561673402,52.73976264707659
241,1,5.080612242932885,-4.899340721178233,16.317564368851123
241,22,3.453290948354525,-26.41852848764301,6.390640980861311
242,7,3.868968335618819,24.333170289021112,52.44988450697505
242,1,5.036591123293187,-5.051451435457654,16.538404768420992
242,22,3.420155374829579,-26.263780249959726,7.0087643512830375
243,7,3.879069710120437,23.450999219812893,54.70468419818209
243,1,5.003200657536856,-5.2143769934984645,16.400333875506707
243,22,3.422984699875155,-26.194983244529862,6.777593058088127
244,7,3.954060732582518,22.84929771310938,57.31494911083423
244,1,5.011707059271893,-5.353172837197577,14.56173019171347
244,22,3.3979325340902933,-26.078891588931164,7.782233971564332
245,7,4.042501903202782,22.39267683273259,58.2560240611589
245,1,4.986909082366147,-5.517007097386343,14.355226963677332
245,22,3.396224271456514,-25.92957296941005,8.9745759712196
246,7,4.1107328536145,21.983093836956105,56.778919163456834
246,1,4.936556138747495,-5.687957234287229,14.623008374034198
246,22,3.3765900432066522,-25.793809783061363,10.079647244259194
246,99,3.727745903569197,-21.244202387383915,0
247,7,4.065312532159802,21.049864078911103,60.55738844016335
247,1,4.793106696205686,-5.88693075324547,15.621024093383593
247,22,3.4055518020106432,-25.789540552344064,9.891588969529941
247,99,3.741563176247362,-21.235332106201863,1.477752073706053
248,7,4.0101080942234635,20.026199017954053,64.04583098097373
248,1,4.610880307118301,-6.0721854779048945,16.574130021466427
248,22,3.4637411179871287,-25.879297003585073,10.586739070706324
248,99,3.7630598930168073,-21.225003541460083,1.8120935660702266
249,7,3.9398190071520838,19.16135079068005,66.42321090055871
249,1,4.45260048877313,-6.2317298402359995,17.08695380726408
249,22,3.4754163131060682,-25.88115314259516,9.366194339096007
249,99,3.773741866306684,-21.216417087388894,1.6192175454056137
250,7,3.9062712077636266,18.424391353105836,67.02032669802225
250,1,4.3624813944905565,-6.334394796908713,16.741266415650276
250,22,3.4621779668281647,-25.797312324981363,8.653235937804805
250,99,3.771550340237564,-21.19874584338667,1.6150620681607073
251,7,3.934597632368375,17.928536633011774,64.3049229275287
251,1,4.124773347270512,-6.528779591331699,18.228417833669965
251,22,3.4612315381047414,-25.65571437454237,8.486686383503708
251,99,3.771175718012714,-21.167291603198436,1.858266132487574
252,7,3.975606596122841,17.23119503493769,62.46809768182764
252,1,3.7304287064754416,-6.796540295646299,21.33188518482701
252,22,3.4615253785865776,-25.47709623084998,9.584318638995086
252,99,3.7636728267052786,-21.14018077389315,1.9705033889999093
253,7,3.997577303359365,16.5660399876675,63.05970948319302
253,1,3.7225486691426104,-6.873116845321038,20.711131784117217
253,22,3.4675689263959395,-25.420305277338617,8.967794991742513
253,99,3.7658171119302635,-21.129451358387,1.8296804462133383
254,7,4.029969664090085,15.984715976166017,64.23089795364116
254,1,3.826850180471255,-6.879397440731546,20.09903268656749
254,22,3.494703341130274,-25.47169756314468,8.055668850973184
254,99,3.77395696247715,-21.14013695202477,1.7520889559721886
255,7,4.040412148467074,15.333987166386825,66.58675108185963
255,1,3.922729423207508,-6.875285332572119,19.276590689863266
255,22,3.5234812159465925,-25.541988485740845,7.443450844003144
255,99,3.7829515449739497,-21.20054417194725,2.1681443213777496
256,7,4.000426146176052,14.55407704770015,65.05275187087742
256,1,3.9412460835171923,-6.90855992945598,17.204467160763606
256,22,3.503984202578513,-25.596948163344585,7.733858730703121
256,99,3.8085861870929296,-21.287334554627922,2.9089195577575593
257,7,3.9436356396260606,13.864183949907689,61.72349255387321
257,1,4.130866116359657,-6.832330551826002,16.64958472980582
257,22,3.533886192737959,-25.65643952927362,7.330009924964244
258,7,3.876768874063172,13.05681286308307,61.14784735262539
258,1,4.0230208176147935,-6.933254129377572,15.879240633367576
258,22,3.5779021834652154,-25.710876323087824,7.911846860721117
259,7,3.864885399781394,12.437838661850998,59.96150377053237
259,1,4.112058565749662,-6.936362570330467,15.404087914561996
259,22,3.5981123916651274,-25.681647196552014,7.41840962791562
260,7,3.881598134366787,11.948087641102175,59.895233203042636
260,1,4.294284683634389,-6.832769087585446,14.429549588846887
260,22,3.6037725375857677,-25.598855407468925,6.832248938471718
261,7,3.92900579702723,11.572527332026906,56.69517605505762
261,1,4.486219211429538,-6.800418470716446,11.609380732558927
261,22,3.632823525830478,-25.598279218279455,5.3366321013057
262,7,3.975351542906253,11.024108772028912,55.54373169245133
262,1,4.618849203551038,-6.730496884179589,12.338896090901894
262,22,3.641861857180925,-25.602234711819182,4.8641756241258385
263,7,3.9873472960670244,10.465546561741707,55.308383851223034
263,1,4.864201304068955,-6.638594288878372,13.913986777280448
263,22,3.6690986484347756,-25.69067652396149,5.208425709361336
264,7,3.969315347288144,10.007938614798396,53.379888753340275
264,1,4.847878996711873,-6.743447460836886,14.015472942928714
264,22,3.7090133655614506,-25.817559962041525,5.779022711918124
265,7,3.9365635282050584,9.4591330032991,51.068364182583274
265,22,3.756028741338531,-25.954537340707446,6.644081870132309
266,7,3.9340565461956816,9.055596694023366,48.18153927618912
266,22,3.758080145530786,-25.96065786909699,6.042799312015184
267,7,3.917656610051373,8.616152142540697,44.47769073250687
267,22,3.739025624446329,-25.840576957187853,6.55857722925097
268,7,3.939394732932104,8.3367080274735,41.08969159657018
268,22,3.7133814616644045,-25.71665343049944,7.468709609390719
269,7,3.9784530286849455,7.94572305239529,40.118640999068965
269,22,3.6679171467388283,-25.48393924011927,9.009995988594262
270,7,4.052688036342131,7.596601900849182,39.90249782329343
270,22,3.635932253419099,-25.284953813150228,10.734825546925336
271,7,4.106016698281778,7.208995839162396,38.31133880194645
271,22,3.6303003918915877,-25.225061440599674,11.237731650633568
272,7,4.076846315874424,6.829303269834723,36.53254320918717
272,22,3.63972410136583,-25.233096025580156,10.436162748513967
273,7,4.07143106473709,6.540265233736383,34.84379999298609
273,22,3.646829664099374,-25.224984433993654,9.213864158820728
274,7,4.057750093876003,6.248676710181888,32.2650726316173
274,22,3.6465147479492264,-25.174874511860864,8.266758932758295
275,7,4.065462840896341,5.90474916649285,31.669771805306354
275,22,3.621918681493715,-25.07164277091191,9.263421647948443
276,7,4.104029459533714,5.699092988004495,29.364678388720222
277,7,4.142218086912089,5.398564903648286,29.591242040237603
278,7,4.197608285823783,5.092985602948116,28.767519892654427
279,7,4.235335098454788,4.845213770431442,27.70453244576004
280,7,4.248067196850922,4.543038251096277,26.816394103451692
281,7,4.252726633462175,4.2090297600215045,26.34868952212721
282,7,4.229156607702391,3.8645563333254813,26.91059047193469
283,7,4.230669925826612,3.5640007024753637,26.997091936631023
284,7,4.259942735765313,3.388591508927582,25.335301666893084
285,7,4.293938934608599,3.093595845153303,26.2123715834792
286,7,4.322521641086288,2.839704702025293,25.73787420460752
287,7,4.356300991036128,2.567354693810843,25.376654224670027
288,7,4.360243230132986,2.2929794797067715,25.614413572714025
289,7,4.334755821047185,1.9329165351967317,26.19961617786598
290,7,4.308106036406356,1.6040996671556407,26.15815678164206
291,7,4.309517412524262,1.3510900358259734,25.23550390887322
292,7,4.317170367499675,1.0993508263978076,24.748464589726744
293,7,4.305993489310102,0.843291249313078,25.53314865726128
294,7,4.3080999476988895,0.6475581935262339,24.521111406236756
295,7,4.355812655533099,0.4927730465886863,23.585882104409396
296,7,4.380103797773329,0.22255793284191927,23.554561342997236
297,7,4.344110671365522,-0.09348605975674742,23.991395546556586
298,7,4.314237976692174,-0.35116150900097576,22.9757692426555
299,7,4.288111090260617,-0.5834522934548815,22.014373510753643
