frame,id,world_x,world_y,speed_kmh,num_wheels,method,contact_points
1,1,4.58283710821769,2.5538343006114923,0,0,keypoint,"1133,504"
1,2,55.76171429747803,-322.3990218106513,0,0,keypoint,"863,352"
1,3,7.109640397050395,-36.27704759718344,0,0,keypoint,"823,289"
1,4,-6.160809387576601,-67.98051673269687,0,0,keypoint,"1005,321"
1,5,2.6024984193406784,-27.571445493292135,0,0,keypoint,"886,254"
1,6,1.7678564937665004,-32.507440948285584,0,0,keypoint,"918,275"
2,1,4.577909137404843,2.4746000906481784,7.1448578636125815,0,keypoint,"1134,505"
2,2,82.92073542698559,-480.67724195332073,14453.228703026165,0,keypoint,"864,354"
2,3,7.260308780846293,-37.07823554115252,73.37087280277034,0,keypoint,"824,291"
2,4,-6.235851350096598,-69.82514838148644,166.15416771307733,0,keypoint,"1004,322"
2,5,2.6024984193406784,-27.571445493292135,0.0,0,keypoint,"886,254"
2,6,1.7678564937665004,-32.507440948285584,0.0,0,keypoint,"918,275"
3,1,4.624093961909094,2.4660122455325393,5.686370256416032,0,keypoint,"1136,505"
3,2,166.84461567288247,-980.7511408609655,30044.637318885772,0,keypoint,"866,356"
3,3,7.365158331508626,-37.490897213697544,55.84524448053976,0,keypoint,"824,292"
3,4,-5.429436374772821,-64.33698686906175,332.69619239040975,0,keypoint,"1002,319"
3,5,2.6024984193406784,-27.571445493292135,0.0,0,keypoint,"886,254"
3,6,1.7484991292648377,-32.22340429522476,12.811297509657283,0,keypoint,"918,274"
4,1,4.647169898151543,2.4617213866091663,4.495057859782167,0,keypoint,"1137,505"
4,2,-2659.7297640931015,15861.845584891991,532373.7134532317,0,keypoint,"868,358"
4,3,7.4731600627980725,-37.915965082754894,50.38738003850923,0,keypoint,"824,293"
4,4,-5.039828020613284,-62.655278401138894,273.5849527149468,0,keypoint,"1000,318"
4,5,2.6741956983814466,-27.562762510640226,2.1666343966218222,0,keypoint,"884,254"
4,6,1.7940141858899545,-32.21581987904144,9.925144376213835,0,keypoint,"917,274"
5,1,4.641855909699736,2.3836668416004003,5.131585962943388,0,keypoint,"1138,506"
5,2,-59.62907806666343,356.2780341007221,753026.6193520237,0,keypoint,"870,363"
5,3,7.5844582941168355,-38.35400715348545,47.95964275583868,0,keypoint,"824,294"
5,4,-4.812066651523262,-62.55477552867743,210.79008800530457,0,keypoint,"998,318"
5,5,2.6624006221470933,-27.74661150204331,5.770082560663017,0,keypoint,"885,255"
5,6,1.8394877890830241,-32.20824237046418,8.48112224661066,0,keypoint,"916,274"
6,1,4.613833450324095,2.310827748069096,5.51005221822081,0,keypoint,"1138,507"
6,2,-41.514723860533394,251.8944026085478,604328.2824878629,0,keypoint,"872,365"
6,3,7.644746129471284,-38.81909181600034,46.8092798599895,0,keypoint,"825,295"
6,4,-4.008921809813107,-59.45156558004347,226.33029371787364,0,keypoint,"993,316"
6,5,2.6741956983814466,-27.562762510640226,7.932151459087734,0,keypoint,"884,254"
6,6,1.884919995449644,-32.2006717600605,7.6139535514935,0,keypoint,"915,274"
7,1,4.563508219618268,2.24305542715452,5.857919553851281,0,keypoint,"1137,508"
7,2,-32.51822383830005,195.5554771682175,504462.6926987781,0,keypoint,"872,367"
7,3,7.771334150984448,-39.79564283856979,53.778555673319346,0,keypoint,"827,297"
7,4,-3.394622280969192,-56.731942027885935,230.43065527921297,0,keypoint,"989,314"
7,5,2.7100054283706587,-27.558425731498453,7.1511969076146364,0,keypoint,"883,254"
7,6,2.5614736503569393,-32.08793402293271,16.633197060123766,0,keypoint,"900,274"
8,1,4.536313091491196,2.1719757059649294,5.999560909479375,0,keypoint,"1137,509"
8,2,-21.964743402928,132.99078090956536,433212.3606784972,0,keypoint,"874,371"
8,3,8.095772094381749,-41.35609303744931,66.58788681827527,0,keypoint,"828,300"
8,4,-3.2710496103624127,-59.14516519952999,228.5797968843022,0,keypoint,"986,316"
8,5,2.734728658408207,-27.73771884322728,8.456607298832788,0,keypoint,"883,255"
8,6,2.020968798103092,-32.17800122382314,21.302195952135314,0,keypoint,"912,274"
9,1,4.554214526156672,2.0936270950808216,6.153752349912078,0,keypoint,"1139,510"
9,2,-17.355548886780504,106.33098897101338,379365.1877025108,0,keypoint,"876,374"
9,3,8.249984629614644,-42.511628240875595,71.37942646770611,0,keypoint,"830,302"
9,4,-3.062118093351672,-59.05840668449041,202.55239500029006,0,keypoint,"984,316"
9,5,2.7815472099575183,-27.549761580547177,9.578662756727379,0,keypoint,"881,254"
9,6,2.6509881445677785,-32.07301774623497,25.824868828758202,0,keypoint,"898,274"
10,1,4.527421953492988,2.0243660703366255,6.212627936634182,0,keypoint,"1139,511"
10,2,-13.289019985938108,83.15377199857342,337448.8127474362,0,keypoint,"879,378"
10,3,8.695815084544654,-44.35129201276246,82.37753011496919,0,keypoint,"830,305"
10,4,-2.8540170043031554,-58.9719930034801,182.2998684214332,0,keypoint,"982,316"
10,5,2.87906810995346,-27.719972453823733,10.476051561617906,0,keypoint,"879,255"
10,6,2.0435887502205112,-31.894771603630414,29.28557096073335,0,keypoint,"911,273"
11,1,4.523060598263198,1.9519593596944953,6.14413427004186,0,keypoint,"1140,512"
11,2,-10.921164998628319,67.96510245799165,335996.61975975824,0,keypoint,"880,382"
11,3,9.058851694353969,-46.451112371761525,95.53492963671121,0,keypoint,"832,308"
11,4,-0.6950778205083731,-56.844687292061515,194.14744794603126,0,keypoint,"961,315"
11,5,2.9327907572349163,-28.08837909724773,14.19908228603941,0,keypoint,"879,257"
11,6,2.7264361735614138,-32.34495088885895,37.46445836925162,0,keypoint,"897,275"
12,1,4.562658615862796,1.872570994857005,6.561528788046981,0,keypoint,"1143,513"
12,2,-8.764715275011143,54.73643103075463,331059.980829662,0,keypoint,"882,387"
12,3,9.41957610460022,-47.964046933961484,106.8306285006907,0,keypoint,"832,310"
12,4,-2.1134230373459317,-56.229984465376006,154.1347454405681,0,keypoint,"976,314"
12,5,2.8862297172495737,-28.287692180542148,16.245875768949784,0,keypoint,"881,258"
12,6,2.1352121399748314,-32.44517002596031,40.6140835035811,0,keypoint,"910,275"
13,1,4.47480961098893,1.8883587969117888,7.21937785779608,0,keypoint,"1139,513"
13,2,-7.337894179045475,46.92477065450458,160358.07139310986,0,keypoint,"885,391"
13,3,9.738101373866453,-49.6320818095693,119.42664055167675,0,keypoint,"833,312"
13,4,-1.8221873946659575,-56.11588204606593,140.0001480414083,0,keypoint,"973,314"
13,5,2.8862297172495737,-28.287692180542148,15.523664303409175,0,keypoint,"881,258"
13,6,2.803681169638662,-32.623360740189064,47.070769320269086,0,keypoint,"896,276"
14,1,4.445181441758814,1.751731573390051,7.835053738754557,0,keypoint,"1140,515"
14,2,-6.888095385667779,45.17883869539352,3155.5078008128967,0,keypoint,"887,392"
14,3,10.309715708258798,-52.40730395466252,143.2418229855522,0,keypoint,"834,315"
14,4,-1.6289368268988695,-56.04016893240869,139.58617895579857,0,keypoint,"971,314"
14,5,2.8862297172495737,-28.287692180542148,13.68139463087733,0,keypoint,"881,258"
14,6,2.8493712782803726,-32.61548101202836,47.07340911497021,0,keypoint,"895,276"
14,7,5.061729592653852,-26.928014145299237,0,0,keypoint,"813,252"
15,1,4.3913964918131505,1.554798296393442,9.096077194623566,0,keypoint,"1141,518"
15,2,-5.899829958695739,38.300228919112925,2165.5629783099007,0,keypoint,"888,397"
15,3,10.544456856383794,-53.40829580460174,148.83354322003728,0,keypoint,"834,316"
15,4,-1.5325819789020971,-56.002418328919624,108.5664710570172,0,keypoint,"970,314"
15,6,2.494093364534471,-33.28444753048888,54.187376029230684,0,keypoint,"904,278"
15,7,5.107377303562668,-27.09367163835682,15.46484917451313,0,keypoint,"813,253"
16,1,4.36362662264853,1.4261365230178078,9.568182938507858,0,keypoint,"1142,520"
16,2,-5.287814304624933,34.88706461628744,1629.711900312294,0,keypoint,"890,400"
16,3,11.31883730163879,-56.71043742162998,172.9035868835882,0,keypoint,"834,319"
16,4,-1.3404106363845991,-55.927128041983835,82.74902551763343,0,keypoint,"968,314"
16,6,2.5581486243032026,-32.96545087357036,50.58219542591691,0,keypoint,"902,277"
16,7,5.085738221537902,-27.270709839004024,15.758433438331288,0,keypoint,"815,254"
17,1,4.36362662264853,1.4261365230178078,8.80713748925809,0,keypoint,"1142,520"
17,2,-4.5519115417065645,30.216321066653517,1042.5101155726975,0,keypoint,"892,405"
17,3,11.947507040617916,-60.68203411217842,197.17583245259007,0,keypoint,"837,322"
17,4,-1.0859798316370362,-53.64263660334874,81.5713373234349,0,keypoint,"966,312"
17,6,2.635481740837644,-33.25919714905532,48.14017188587888,0,keypoint,"901,278"
17,7,5.132518061028212,-27.442913064273156,15.858945910147183,0,keypoint,"815,255"
18,1,4.36362662264853,1.4261365230178078,8.003460552264645,0,keypoint,"1142,520"
18,2,-3.8823870430689698,26.408924060666088,810.6152921092822,0,keypoint,"895,410"
18,3,12.52408197953962,-63.67113262593739,215.96002370419,0,keypoint,"838,324"
18,4,-0.7233916432753672,-53.50828988426999,83.17582217438678,0,keypoint,"962,312"
18,6,2.699545695964222,-33.886646190241656,48.06021854031965,0,keypoint,"901,280"
18,7,5.242988912596074,-27.984363061849667,24.327814255493678,0,keypoint,"816,258"
19,1,4.36362662264853,1.4261365230178078,7.260834704441198,0,keypoint,"1142,520"
19,2,-3.5291051825353907,23.888943352238698,600.7489637836421,0,keypoint,"896,414"
19,3,13.475249749670429,-68.9008558546871,250.18604662135562,0,keypoint,"840,327"
19,4,-0.5605113366317757,-54.50872097710197,91.05856361862821,0,keypoint,"960,313"
19,6,2.634990207380317,-34.23124928443492,45.236062916524354,0,keypoint,"903,281"
19,7,4.909701785583673,-28.418154771729686,29.3090173880096,0,keypoint,"828,260"
20,1,4.3847212386890035,1.4224500535574633,6.7495984241561136,0,keypoint,"1143,520"
20,2,-3.094483408811758,21.655951111982873,469.7766080931572,0,keypoint,"899,418"
20,3,13.90513028188767,-70.83080806326764,248.64881585450328,0,keypoint,"840,328"
20,4,-0.45312562400357026,-53.408150513675174,71.80738004401752,0,keypoint,"959,312"
20,6,2.714731396190358,-33.56022330882428,43.814649275154935,0,keypoint,"900,279"
20,7,5.323802742974382,-28.56402345967172,31.0098008946046,0,keypoint,"818,261"
21,1,4.360474380628117,1.3611137635251451,6.521988301284535,0,keypoint,"1143,521"
21,2,-2.8201315899261488,20.173647368699427,350.81855889735505,0,keypoint,"901,421"
21,3,14.741747769625958,-75.16802759948297,277.26709467230535,0,keypoint,"841,330"
21,4,-0.16792896999986717,-51.33076484159011,77.3178804275548,0,keypoint,"956,310"
21,6,2.714731396190358,-33.56022330882428,37.8180691386794,0,keypoint,"900,279"
21,7,5.323802742974382,-28.56402345967172,26.579829338232514,0,keypoint,"818,261"
22,1,4.292061023834919,1.2441239815517822,6.984673370878395,0,keypoint,"1142,523"
22,2,-2.4737147858656274,18.39820220447214,289.4988332228195,0,keypoint,"904,425"
22,3,15.147914605781178,-77.61603132103816,285.10004432679534,0,keypoint,"842,331"
22,4,0.08749602352244643,-51.24107061008186,76.89713764322552,0,keypoint,"953,310"
22,6,2.714731396190358,-33.56022330882428,30.899956865399517,0,keypoint,"900,279"
22,7,5.3395906154571975,-28.767031362642992,25.54808564869957,0,keypoint,"819,262"
23,1,4.378204743328538,1.2932494533156351,6.578313144754681,0,keypoint,"1145,522"
23,2,-2.166552987819347,16.823945636706537,287.50884691276997,0,keypoint,"907,429"
23,3,17.393870599252566,-89.31825636707583,375.9233002992579,0,keypoint,"844,335"
23,4,0.2537877492279713,-49.38715434606997,93.4352004315586,0,keypoint,"951,308"
23,6,2.7623157925608846,-33.55157368154393,30.91995234616489,0,keypoint,"899,279"
23,7,5.376421692606796,-28.761986924951255,23.081158654565048,0,keypoint,"818,262"
24,1,4.354281710537185,1.2333746827905159,5.181625689691671,0,keypoint,"1145,523"
24,2,-1.8396520754954064,14.792466387509045,238.59257588409895,0,keypoint,"910,435"
24,3,18.012333896275905,-92.96210849178969,402.6014684930521,0,keypoint,"845,336"
24,4,0.4155858222783715,-49.333202899856914,94.10590058073865,0,keypoint,"949,308"
24,6,2.7623157925608846,-33.55157368154393,23.345398901790546,0,keypoint,"899,279"
24,7,5.484956884445797,-29.170318958017834,25.587944884236027,0,keypoint,"818,264"
25,1,4.375004270392123,1.229794635722808,4.075675686330425,0,keypoint,"1146,523"
25,2,-1.6485421307774795,13.604840803200327,215.94560812338113,0,keypoint,"912,439"
25,3,18.689921742135596,-96.95430968416362,409.1771668376616,0,keypoint,"846,337"
25,4,0.5685946884968489,-48.44344443634062,101.07014961473223,0,keypoint,"947,307"
25,6,2.747781214605799,-33.87772043296056,23.35646020153633,0,keypoint,"900,280"
25,7,5.540942726955957,-29.380949376666077,25.983827377501648,0,keypoint,"818,265"
26,1,4.357359631578059,1.2968643889369913,4.769194617224903,0,keypoint,"1144,522"
26,2,-1.4497575578337634,12.76961204748325,177.24758081497222,0,keypoint,"915,442"
26,3,20.56880837359538,-105.86080504145998,459.9919153733364,0,keypoint,"846,339"
26,4,0.5685946884968489,-48.44344443634062,78.08398819617099,0,keypoint,"947,307"
26,6,2.747781214605799,-33.87772043296056,20.318907152218284,0,keypoint,"900,280"
26,7,5.59812294208958,-29.596073274280144,26.425321218363713,0,keypoint,"818,266"
27,1,4.307244429112257,1.1156493736290223,6.649365228931613,0,keypoint,"1145,525"
27,2,-1.0222035294983527,11.47112059029901,152.26012643354568,0,keypoint,"923,447"
27,3,21.498742494989074,-111.21953323761642,483.93810745718645,0,keypoint,"847,340"
27,4,0.714891674169593,-47.59271608048606,82.84937462838849,0,keypoint,"945,306"
27,6,2.776467483477876,-33.234018673487235,20.455202543606614,0,keypoint,"898,278"
27,7,5.59812294208958,-29.596073274280144,20.899274630415583,0,keypoint,"818,266"
28,1,4.351239968176561,1.1706312510766028,7.353539518807313,0,keypoint,"1146,524"
28,2,-1.0246511111049659,10.822691060424265,133.29822882475213,0,keypoint,"922,450"
28,3,22.538127236855747,-117.2089686124026,491.57245295807076,0,keypoint,"848,341"
28,4,0.9442397914103213,-43.960601822267535,109.10681902852171,0,keypoint,"941,301"
28,7,5.503009958754643,-29.386397886005387,17.731244533208024,0,keypoint,"819,265"
29,1,4.375004270392123,1.229794635722808,7.77697367034216,0,keypoint,"1146,523"
29,2,-0.8479337091838968,9.78350139166962,121.09035438098084,0,keypoint,"925,455"
29,3,23.53147873256002,-124.19214720932531,542.3347298430124,0,keypoint,"850,342"
29,4,0.874673659865999,-43.98020913098807,98.77161394084123,0,keypoint,"942,301"
29,7,5.409810912908394,-29.180941749109394,15.596896230368507,0,keypoint,"820,264"
30,1,4.375004270392123,1.229794635722808,7.117424536406452,0,keypoint,"1146,523"
30,2,-0.7428977395751348,9.20802133050233,111.8654337058991,0,keypoint,"927,458"
30,3,23.17705275065764,-124.68492792405034,504.23303028994854,0,keypoint,"852,342"
30,4,0.9840465880286524,-42.70491374086373,90.60267168395875,0,keypoint,"940,299"
30,7,5.265843856325804,-28.77713182562689,19.883957784440266,0,keypoint,"821,262"
30,8,2.7754658903039884,-30.48377337677439,0,0,keypoint,"891,268"
31,1,4.3990409249998015,1.2896360663384763,6.407059910266543,0,keypoint,"1146,522"
31,2,-0.5574913646517982,8.316536992813448,102.88178422290127,0,keypoint,"931,463"
31,3,23.17705275065764,-124.68492792405034,479.41832956731156,0,keypoint,"852,342"
31,4,1.1014392676487945,-42.08462765003362,94.2084846170896,0,keypoint,"938,298"
31,7,5.141136620862408,-28.588652615397677,20.107755713232777,0,keypoint,"823,261"
31,8,2.8113140736043962,-29.773022191698438,64.04891840301262,0,keypoint,"888,265"
32,1,4.3990409249998015,1.2896360663384763,5.415392002939885,0,keypoint,"1146,522"
32,2,-0.35047143199977604,7.351882580397443,96.70853902313043,0,keypoint,"936,469"
32,3,25.962907959199043,-141.28489293812703,528.5813582175226,0,keypoint,"854,344"
32,4,1.1970781580080254,-40.94330013121371,87.04816755653938,0,keypoint,"936,296"
32,7,5.141136620862408,-28.588652615397677,19.736006524178453,0,keypoint,"823,261"
32,8,2.7946714437278968,-29.330734319676992,51.941498795898625,0,keypoint,"887,263"
32,11,3.767568413130773,-21.96098776291598,0,0,keypoint,"810,210"
33,1,4.375004270392123,1.229794635722808,5.415505051690705,0,keypoint,"1146,523"
33,2,-0.13048608866175795,6.350127086301625,86.3886616443072,0,keypoint,"942,476"
33,3,32.29088503964944,-177.08824689326366,855.2043630937656,0,keypoint,"856,347"
33,4,1.3045609425494793,-40.386690784355935,91.01152657205466,0,keypoint,"934,295"
33,7,5.104520232057156,-28.59358965972521,15.880380963222056,0,keypoint,"824,261"
33,8,2.833897036386877,-29.325276557682194,35.81576975538976,0,keypoint,"886,263"
33,11,3.767568413130773,-21.96098776291598,0.0,0,keypoint,"810,210"
34,1,4.3990409249998015,1.2896360663384763,5.850094028205241,0,keypoint,"1146,522"
34,2,-0.12053077075660233,5.8516446330892755,79.34544223034968,0,keypoint,"942,480"
34,3,32.745608978903114,-176.02939359141735,826.2350521337104,0,keypoint,"854,347"
34,4,1.3045609425494793,-40.386690784355935,81.98333829012157,0,keypoint,"934,295"
34,7,5.104520232057156,-28.59358965972521,13.700940947495386,0,keypoint,"824,261"
34,8,2.9122549100845414,-29.314374016864573,28.641863417128874,0,keypoint,"884,263"
34,11,3.767568413130773,-21.96098776291598,0.0,0,keypoint,"810,210"
35,1,4.447950236389975,1.4114002307692386,6.468772966543245,0,keypoint,"1146,520"
35,2,0.06733490167998131,5.125575307755953,78.25966024824453,0,keypoint,"948,486"
35,3,35.39968708566148,-193.3411670098679,910.3502590817619,0,keypoint,"856,348"
35,4,1.3286214089326605,-39.37350010915798,92.11810148592768,0,keypoint,"933,293"
35,7,5.067876048140229,-28.598530451710648,11.844763610568156,0,keypoint,"825,261"
36,1,4.469008305287881,1.4077201482431094,4.802374493598368,0,keypoint,"1147,520"
36,2,0.15510967168898931,4.582231800374411,70.09282907913706,0,keypoint,"951,491"
36,3,38.67024501470767,-214.67405758132048,1071.7834758381064,0,keypoint,"858,349"
36,4,1.4286366144689628,-37.52096538417941,102.03826919590423,0,keypoint,"930,289"
36,7,5.0550433933936905,-28.398861166697536,13.845575955729268,0,keypoint,"824,260"
36,8,2.9038953163028993,-28.684418771229474,28.583587120822205,0,keypoint,"882,260"
37,1,4.494008041480706,1.4696322018435664,4.765889442121543,0,keypoint,"1147,519"
37,2,0.2627672265179689,3.9796769693868623,69.72945543085888,0,keypoint,"955,497"
37,3,38.15729200395307,-216.29559963486204,1028.001364839829,0,keypoint,"860,349"
37,4,1.446855260076344,-36.68371037659535,74.01932029104499,0,keypoint,"929,287"
37,7,5.006550922681419,-28.208006900336294,13.51236487327341,0,keypoint,"824,259"
37,8,2.876204747124898,-28.486454258295154,26.818032344780324,0,keypoint,"882,259"
38,1,4.494008041480706,1.4696322018435664,4.128312141507148,0,keypoint,"1147,519"
38,2,0.4909044286303974,3.4885501041842004,64.60364926828467,0,keypoint,"964,502"
38,3,37.89766940242576,-217.1163160700894,966.0746158121524,0,keypoint,"861,349"
38,4,1.4640229539183935,-35.894752846619184,81.18799815980127,0,keypoint,"928,285"
38,7,4.959013732491407,-28.0209123797782,13.186692311147933,0,keypoint,"824,258"
38,8,2.8430227524738525,-27.724404194024864,32.79395530296783,0,keypoint,"880,255"
38,11,3.5663427389895546,-21.163188276423707,6.170890400313144,0,keypoint,"809,200"
39,1,4.494008041480706,1.4696322018435664,4.128312141507148,0,keypoint,"1147,519"
39,2,0.5501368708561529,2.9004470773003383,64.6645625177004,0,keypoint,"967,509"
39,3,48.45977256605817,-275.33606841031207,1551.7053365238644,0,keypoint,"861,351"
39,4,1.5456353330898154,-34.43648909772073,82.99368653107213,0,keypoint,"925,281"
39,7,4.959013732491407,-28.0209123797782,8.899630757076174,0,keypoint,"824,258"
39,8,2.8627506705611068,-27.36145463363644,32.783920682571036,0,keypoint,"878,253"
39,11,3.5453228266374293,-21.089004396376193,6.363016256710576,0,keypoint,"809,199"
40,1,4.527974647471644,1.33195451388884,4.9014855317755615,0,keypoint,"1151,521"
40,2,0.6479104916425333,2.2847528671700066,61.79305276587052,0,keypoint,"972,517"
40,3,82.92073542698559,-480.67724195332073,3633.8329866289732,0,keypoint,"864,354"
40,4,1.6858997223238785,-35.10984157632384,83.55878085327682,0,keypoint,"923,283"
40,7,4.898616718946031,-28.22211446379632,8.740339976595658,0,keypoint,"827,259"
40,8,2.8023044011878935,-27.19356019169273,30.925703781091656,0,keypoint,"879,252"
40,11,3.5680835824508286,-21.087725361058272,5.5007529759288545,0,keypoint,"808,199"
41,1,4.472832641819453,1.4733472347247383,6.419133128970789,0,keypoint,"1146,519"
41,2,0.7550067985833052,1.6606650369002114,58.25897383821057,0,keypoint,"978,526"
41,3,166.84461567288247,-980.7511408609655,8536.183686665485,0,keypoint,"866,356"
41,4,1.6655058433351098,-34.75905491227496,75.619294782418,0,keypoint,"923,282"
41,7,4.862585057207651,-28.22682398994237,9.103721358087526,0,keypoint,"828,259"
41,8,2.7776778246085323,-27.024681797277573,25.515802550094243,0,keypoint,"879,251"
41,11,3.5908337797486007,-21.086446919073662,4.925752161137042,0,keypoint,"807,199"
42,1,4.469008305287881,1.4077201482431094,6.431633043215951,0,keypoint,"1147,520"
42,2,0.8062161860696605,1.0503159987425446,54.12765456546163,0,keypoint,"982,536"
42,3,-297.39216219791814,1745.6398055946268,35828.926493485604,0,keypoint,"867,359"
42,4,1.6955930340568808,-34.40823632970765,73.47143900891916,0,keypoint,"922,281"
42,7,4.873298019437562,-28.422987248102345,10.698799825311218,0,keypoint,"829,260"
42,8,2.8023044011878935,-27.19356019169273,22.7964390095666,0,keypoint,"879,252"
42,11,3.5908337797486007,-21.086446919073662,4.222073280974607,0,keypoint,"807,199"
43,1,4.469008305287881,1.4077201482431094,5.7867487448446315,0,keypoint,"1147,520"
43,2,0.9302485659036497,0.4918393576388851,54.86267679077243,0,keypoint,"990,546"
43,3,-77.07399320780233,451.74520286779403,48942.58223120354,0,keypoint,"868,362"
43,4,1.6955930340568808,-34.40823632970765,73.47143900891916,0,keypoint,"922,281"
43,7,4.909701785583673,-28.418154771729686,11.066030953827445,0,keypoint,"828,260"
43,8,2.856600424913156,-26.847184924177434,25.906454637400955,0,keypoint,"876,250"
43,11,3.5908337797486007,-21.086446919073662,3.6943141208527814,0,keypoint,"807,199"
44,1,4.494008041480706,1.4696322018435664,5.142240114011025,0,keypoint,"1147,519"
44,2,1.0602192406868018,-0.01282979945593632,52.57424141396897,0,keypoint,"999,556"
44,3,-60.7981178961638,358.97339897290306,49709.3288488976,0,keypoint,"869,363"
44,7,4.944390480918286,-29.031627179023502,16.840796822640648,0,keypoint,"831,263"
44,8,2.865961273399895,-26.680958534368454,26.780225020573777,0,keypoint,"875,249"
44,11,3.5471874328059942,-21.01448162927727,4.1255001789235335,0,keypoint,"808,198"
45,1,4.540585655854783,1.5285213800751163,5.679294817708057,0,keypoint,"1148,518"
45,2,1.1382339693544627,-0.3357607561064507,50.392573417573395,0,keypoint,"1005,563"
45,3,-41.514723860533394,251.8944026085478,50581.522188514165,0,keypoint,"872,365"
45,7,4.858209412422794,-28.832962029694148,17.005510236390734,0,keypoint,"832,262"
45,8,2.899946308146384,-26.677138110715386,23.9721624404189,0,keypoint,"874,249"
45,11,3.50405633398202,-20.943365894661827,4.957229665935839,0,keypoint,"809,197"
45,18,3.093866826745164,-24.765788236529595,0,0,keypoint,"858,236"
46,1,4.540585655854783,1.5285213800751163,5.011605579309182,0,keypoint,"1148,518"
46,2,1.2841258280077505,-0.8822470651566233,49.92785627889147,0,keypoint,"1017,576"
46,3,-31.979317754623523,194.70745173348362,51144.279501305864,0,keypoint,"873,367"
46,7,4.810585832041966,-28.63322128943023,17.089722293321703,0,keypoint,"832,261"
46,8,2.865961273399895,-26.680958534368454,22.315235801488978,0,keypoint,"875,249"
46,11,3.526547484025685,-20.942135914964666,5.182477236475918,0,keypoint,"808,197"
46,18,3.1001172763579317,-24.636857310775614,11.61741103097999,0,keypoint,"857,235"
47,1,4.540585655854783,1.5285213800751163,5.011605579309181,0,keypoint,"1148,518"
47,2,1.291595888435167,-1.315461010296235,48.84536336534265,0,keypoint,"1021,588"
47,3,-25.450218647012175,157.49186176220368,51513.51130235597,0,keypoint,"875,369"
47,7,4.810585832041966,-28.63322128943023,15.159329999666738,0,keypoint,"832,261"
47,8,2.899946308146384,-26.677138110715386,15.029505319501062,0,keypoint,"874,249"
47,11,3.5490283285132715,-20.94090649885029,3.350658130695177,0,keypoint,"807,197"
47,18,3.1358831623845704,-24.50739262021463,11.85284457976344,0,keypoint,"855,234"
48,1,4.536331168143918,1.4622069909997077,5.676112830144458,0,keypoint,"1149,519"
48,2,1.3503390385083707,-1.8647225284648128,48.458518123629894,0,keypoint,"1030,605"
48,3,-17.355548886780504,106.33098897101338,51439.78340389886,0,keypoint,"876,374"
48,7,4.921020727424021,-28.618331181705287,16.273672021942936,0,keypoint,"829,261"
48,8,2.9678462755062367,-26.669505143932223,12.077928670258954,0,keypoint,"872,249"
48,11,3.569802152715071,-21.013227954895736,3.3320733263913045,0,keypoint,"807,198"
48,18,3.165485104169579,-24.504708911311955,8.793596743033286,0,keypoint,"854,234"
49,1,4.51109708317396,1.4003647645754227,4.925978790837762,0,keypoint,"1149,520"
49,2,1.4060840125607337,-2.31809323775125,46.79227566533416,0,keypoint,"1039,621"
49,3,-13.080126755889252,82.97434159135979,49595.10305557138,0,keypoint,"880,378"
49,7,5.019438342208538,-29.02118518599356,18.319971505711678,0,keypoint,"829,263"
49,8,2.9937210688440214,-26.831541274542897,11.934378103049177,0,keypoint,"872,250"
49,11,3.592406448949843,-21.011974858363217,3.330496706600125,0,keypoint,"806,198"
49,18,3.1950692618721406,-24.50202681471229,7.263571041752096,0,keypoint,"853,234"
50,1,4.444296669447248,1.3465215775494246,4.26631627877959,0,keypoint,"1147,521"
50,2,1.455740011584115,-2.6490612008092365,43.80689546063939,0,keypoint,"1047,634"
50,3,-10.160036634709462,64.71181693141524,44709.37633993095,0,keypoint,"882,383"
50,7,5.070195599652714,-29.228950477327317,20.09534479613184,0,keypoint,"829,264"
50,8,3.0200807229113407,-26.996613756225948,11.899371429312746,0,keypoint,"872,251"
50,11,3.6590210939671235,-21.082615148993867,4.0735921196661,0,keypoint,"804,199"
50,18,3.165485104169579,-24.504708911311955,6.345555620983381,0,keypoint,"854,234"
50,22,10.112592245190836,-3.8726957209939004,0,0,keypoint,"1777,639"
51,1,4.444296669447248,1.3465215775494246,3.6089320661631086,0,keypoint,"1147,521"
51,2,1.5581380346622131,-3.043141161284718,41.753622639984656,0,keypoint,"1061,651"
51,3,-8.625652245662767,54.6478771983325,17154.853247684758,0,keypoint,"883,387"
51,7,5.213595093388789,-29.652199370460192,22.599603696998383,0,keypoint,"828,266"
51,8,3.0200807229113407,-26.996613756225948,10.192726171086536,0,keypoint,"872,251"
51,22,10.1908860979924,-3.9449309358009716,9.587367444839504,0,keypoint,"1793,642"
52,1,4.444296669447248,1.3465215775494246,3.6089320661631086,0,keypoint,"1147,521"
52,2,1.5977203270770548,-3.4063144933955996,39.686021909023324,0,keypoint,"1071,669"
52,3,-7.567422501235359,48.63863983563586,4090.6908975310475,0,keypoint,"885,390"
52,7,5.229063636244348,-29.879246919021067,24.508111242530155,0,keypoint,"829,267"
52,8,3.054612717087805,-26.99261526678162,7.03430308944276,0,keypoint,"871,251"
52,22,10.327173077597221,-3.7499242023307384,15.49969035373584,0,keypoint,"1776,632"
53,1,4.444296669447248,1.3465215775494246,2.941242827764233,0,keypoint,"1147,521"
53,2,1.7262235221631526,-3.7241259981558907,37.902734639219766,0,keypoint,"1089,686"
53,3,-6.655616756494399,45.04871032629972,3185.843016912658,0,keypoint,"889,392"
53,7,5.205396299268857,-30.117407597523776,20.756925325407778,0,keypoint,"831,268"
53,22,10.292183709909901,-3.656072295427636,13.337988405531314,0,keypoint,"1761,628"
54,1,4.444296669447248,1.3465215775494246,2.190415985305369,0,keypoint,"1147,521"
54,2,1.7771685983148646,-4.077876230241415,38.154524172800066,0,keypoint,"1103,708"
54,3,-6.008406862501838,40.69860040405904,2141.808200567331,0,keypoint,"890,395"
54,7,5.335402779422466,-30.8343856020371,25.87809390506901,0,keypoint,"832,271"
54,22,9.891200621218015,-3.8020342951190087,19.60475416523671,0,keypoint,"1751,637"
55,1,4.419868182329112,1.2860242270105744,2.8428483883251356,0,keypoint,"1147,522"
55,2,1.864682805861903,-4.354936176252998,35.40380182241975,0,keypoint,"1120,727"
55,3,-5.13267463072282,35.801154661987795,1611.7947423608487,0,keypoint,"893,399"
55,7,5.857071489898363,-33.62419333194155,52.206320784684095,0,keypoint,"835,281"
55,22,9.890727933947668,-3.3919083574714195,23.066075112970715,0,keypoint,"1700,619"
56,1,4.371841408677576,1.1670855245524188,4.125540320544464,0,keypoint,"1147,524"
56,2,1.896164106588878,-4.728563716720087,34.82053316031535,0,keypoint,"1137,757"
56,3,-4.213167372868416,29.309223097582226,1299.522195560533,0,keypoint,"895,406"
56,7,5.760097310119639,-33.00665360747348,58.45739511506804,0,keypoint,"834,279"
56,22,9.79435759830951,-2.964254127408014,25.797401163244487,0,keypoint,"1647,603"
57,1,4.345262497617494,1.0473311909859928,4.687717174158193,0,keypoint,"1148,526"
57,2,2.0254101204235018,-5.19481765663827,34.13495452714094,0,keypoint,"1173,801"
57,3,-3.8823870430689698,26.408924060666088,810.7403691611179,0,keypoint,"895,410"
57,7,5.691339755862034,-32.713455112095204,60.35458026284318,0,keypoint,"834,278"
57,22,9.885579125425458,-2.6894826117492667,25.834434213152857,0,keypoint,"1626,593"
58,1,4.322070685543364,0.9901967859416472,4.63641337425048,0,keypoint,"1148,527"
58,2,2.1315716523525423,-5.561117326353721,33.38083953795569,0,keypoint,"1208,843"
58,3,-3.3917307000858226,23.83739940056299,599.4722245976253,0,keypoint,"898,414"
58,7,5.624256126821184,-32.427394630281114,59.14577531471252,0,keypoint,"834,277"
58,22,9.83866000989472,-2.237407021213196,27.718298166037936,0,keypoint,"1583,579"
59,1,4.299135723812128,0.9336951469562828,4.388219046475792,0,keypoint,"1148,528"
59,2,2.1906621249944473,-5.846085930631584,32.944422742781704,0,keypoint,"1237,882"
59,3,-2.916372509054681,21.116240942742248,442.150834859277,0,keypoint,"901,419"
59,7,5.735521614385277,-32.70556472669489,60.00299479592205,0,keypoint,"833,278"
59,22,9.509835783800513,-1.605080476273373,31.76563417104889,0,keypoint,"1516,563"
60,1,4.322070685543364,0.9901967859416472,4.998009803838162,0,keypoint,"1148,527"
60,2,2.2407938276177357,-6.0507655960297395,30.98005578798016,0,keypoint,"1262,914"
60,3,-2.5130542131884472,18.80747039308673,363.78580409347416,0,keypoint,"904,424"
60,7,5.760097310119639,-33.00665360747348,58.55508201887787,0,keypoint,"834,279"
60,22,9.204319093469197,-1.1003517454641023,36.600299424367485,0,keypoint,"1467,552"
60,32,3.8897091463751416,-22.040030807696326,0,0,keypoint,"806,211"
61,1,4.322070685543364,0.9901967859416472,4.998009803838162,0,keypoint,"1148,527"
61,2,2.384436213464805,-5.961482903860349,29.01810326154134,0,keypoint,"1274,897"
61,3,-2.267744610749255,17.94660029508577,311.72016217101054,0,keypoint,"907,426"
61,7,5.785317503105964,-33.315638539633845,59.37946828483491,0,keypoint,"835,280"
61,22,9.083459465014101,-0.8088070646026881,37.37721837827032,0,keypoint,"1444,546"
61,32,3.8897091463751416,-22.040030807696326,0.0,0,keypoint,"806,211"
62,1,4.345262497617494,1.0473311909859928,5.614629653263486,0,keypoint,"1148,526"
62,2,2.454363905885459,-5.94308134694204,26.313108374213492,0,keypoint,"1282,893"
62,3,-1.924171288454226,16.4050807889179,290.4744480839595,0,keypoint,"911,430"
62,7,5.7399999674433,-33.32402433780277,57.44699943856707,0,keypoint,"836,280"
62,22,9.155019696695417,-0.112882234967681,43.37154123938308,0,keypoint,"1412,532"
62,32,3.8897091463751416,-22.040030807696326,0.0,0,keypoint,"806,211"
63,1,4.345262497617494,1.0473311909859928,5.614629653263485,0,keypoint,"1148,526"
63,2,2.5178348028127444,-6.0236220731673535,23.764554684788365,0,keypoint,"1299,905"
63,3,-1.6172114354737175,15.02783590325845,260.60490281848405,0,keypoint,"915,434"
63,7,5.7399999674433,-33.32402433780277,50.16030509999463,0,keypoint,"836,280"
63,22,9.279064168449525,0.5048620680240317,45.405067659541544,0,keypoint,"1390,521"
63,32,3.865209291865297,-22.041650753800397,0.7366005611899089,0,keypoint,"807,211"
64,1,4.348233770342842,1.1086210128197074,5.575815268396451,0,keypoint,"1147,525"
64,2,2.4856479907090665,-5.9899180557245675,21.325068352236485,0,keypoint,"1291,900"
64,3,-1.4157890119342342,13.539091944251249,225.87672058410783,0,keypoint,"917,439"
64,7,5.811207883097116,-33.632834260915786,24.947816313602942,0,keypoint,"836,281"
64,22,9.611275929200227,1.3166249165461323,50.07491481747266,0,keypoint,"1372,508"
64,32,3.8897091463751416,-22.040030807696326,1.1049008417848634,0,keypoint,"806,211"
65,1,4.324890571056986,1.0508113865802495,4.916570033084328,0,keypoint,"1147,526"
65,3,-1.135346344016334,11.958105362022032,176.36612098361542,0,keypoint,"921,445"
65,7,5.83779552356057,-33.958572461624975,21.96495675625141,0,keypoint,"837,282"
65,22,9.379956762856333,1.6578720661957953,49.813731927172235,0,keypoint,"1350,504"
65,32,3.93938548369868,-22.124930816604454,2.654497698243321,0,keypoint,"805,212"
65,8,3.463507413349766,-27.115850229704954,5.697914580273725,0,keypoint,"860,252"
66,1,4.281535660274344,0.9970960577219106,4.38017462500303,0,keypoint,"1146,527"
66,3,-0.8618255300565666,10.780828027043547,159.2614494433459,0,keypoint,"926,450"
66,7,5.791282412678117,-33.96749632162514,19.42704385554445,0,keypoint,"838,282"
66,22,9.631011814061761,2.257569383020524,53.41982357023993,0,keypoint,"1340,496"
66,32,3.93938548369868,-22.124930816604454,2.2120814152027677,0,keypoint,"805,212"
66,8,3.467118504965632,-26.944850865162444,7.0662985024142575,0,keypoint,"859,251"
67,1,4.218462376983128,0.9473761136036161,4.566693114113502,0,keypoint,"1144,528"
67,3,-0.7804560489475919,9.95742265980458,141.35645316100712,0,keypoint,"927,454"
67,7,5.86510897611305,-34.29320294159672,19.82852136818865,0,keypoint,"838,283"
67,22,9.549866532182898,2.8089022171664886,54.44750845291911,0,keypoint,"1320,490"
67,32,3.9640195198840016,-22.123279766415404,2.2135036861314483,0,keypoint,"804,212"
67,8,3.4980626299916975,-27.111789019271345,8.422126316340337,0,keypoint,"859,252"
68,1,4.198273144897882,0.9507998988022013,4.16167720805812,0,keypoint,"1143,528"
68,3,-0.6518858898235075,8.837375712332008,125.00680881418141,0,keypoint,"929,460"
68,7,5.817974115911917,-34.30241333177946,17.31281030270749,0,keypoint,"839,283"
68,22,9.642391983598138,3.5823453746813243,55.109939687467346,0,keypoint,"1302,482"
68,32,3.9141967274299185,-22.038411673120976,3.0439497058635583,0,keypoint,"805,211"
68,8,3.5045510907206654,-26.773262333779858,11.466023959856058,0,keypoint,"857,250"
69,1,4.319283191087474,0.930278444431142,4.779264198917985,0,keypoint,"1149,528"
69,3,-0.48029953207846,8.138590534252806,108.76490630078132,0,keypoint,"933,464"
69,7,5.744724120306012,-33.976428850004645,17.63303768151935,0,keypoint,"839,282"
69,22,9.70090461267912,4.349020610141954,56.899059729157116,0,keypoint,"1285,475"
69,32,3.865012564140196,-21.95463142008664,3.6772377150486673,0,keypoint,"806,210"
69,8,3.4706603876718245,-26.777128814195677,11.12385293130395,0,keypoint,"858,250"
70,1,4.34232554489128,0.9867493037065965,5.389174685475476,0,keypoint,"1149,527"
70,3,-0.24993203255916432,7.32928371355265,108.22806581540203,0,keypoint,"939,469"
70,7,5.791282412678117,-33.96749632162514,15.006987066051842,0,keypoint,"838,282"
70,22,9.745024921803035,5.082655002939331,61.092626982100256,0,keypoint,"1270,469"
70,8,3.4069302204442473,-26.620145574302878,11.177225566748895,0,keypoint,"859,249"
71,1,4.301807392427252,0.993645703647837,5.183563474797297,0,keypoint,"1147,527"
71,3,-0.007857651004025103,6.5840766919407505,100.27002452291886,0,keypoint,"946,474"
71,7,5.765300339269612,-33.64148346784178,17.81658379816861,0,keypoint,"837,281"
71,22,9.650194984224441,5.930399020915024,62.626998016728166,0,keypoint,"1250,463"
71,8,3.410974164837463,-26.45852113518137,11.12233720438983,0,keypoint,"858,248"
72,1,4.304510112689268,1.0542930396880017,5.790638763833457,0,keypoint,"1146,526"
72,3,0.02913567686501212,6.063916429156859,91.37438667559135,0,keypoint,"947,478"
72,7,5.6946395671576475,-33.33241806786985,20.986983870324593,0,keypoint,"837,280"
72,22,9.934936374403433,6.9484243831215275,66.89721001610522,0,keypoint,"1240,456"
72,8,3.381935781433786,-26.30351296915541,12.699383787260196,0,keypoint,"858,247"
73,1,4.284121117153501,1.0577761512250585,5.383864455988076,0,keypoint,"1145,526"
73,3,0.09432176864344571,5.455215452751334,82.47312018877162,0,keypoint,"949,483"
73,7,5.6946395671576475,-33.33241806786985,17.817849353381074,0,keypoint,"837,280"
73,22,10.196758632785313,7.937626885234396,68.35875674321392,0,keypoint,"1231,450"
73,8,3.414942719686834,-26.299909792075216,12.683786858891391,0,keypoint,"857,247"
74,1,4.2893832592583845,1.1812774470792164,5.99655125580314,0,keypoint,"1143,524"
74,3,0.23946330157123016,4.770793650799391,73.41287215255761,0,keypoint,"954,489"
74,7,5.649236241403518,-33.34081974109425,15.011375860992384,0,keypoint,"838,280"
74,22,10.221053599693922,8.71047120036354,71.96841923022669,0,keypoint,"1220,446"
74,8,3.418837973705923,-26.14422806531181,13.912582328901387,0,keypoint,"856,246"
75,1,4.3335503199240994,1.2369562554675082,6.016956512652221,0,keypoint,"1144,523"
75,3,0.31693902113257705,4.062612213382641,68.45060248714107,0,keypoint,"957,496"
75,7,5.649236241403518,-33.34081974109425,14.537761591648028,0,keypoint,"838,280"
75,22,10.13847455771372,9.808854212191877,76.48197501463838,0,keypoint,"1203,441"
75,8,3.418837973705923,-26.14422806531181,12.202207438516227,0,keypoint,"856,246"
76,1,4.357359631578059,1.2968643889369913,5.8584783774199005,0,keypoint,"1144,522"
76,3,0.4414453691151528,3.584892715848545,65.11321934061573,0,keypoint,"962,501"
76,7,5.649236241403518,-33.34081974109425,11.198073525946064,0,keypoint,"838,280"
76,22,10.463407930013824,11.44776375749532,87.61735211874738,0,keypoint,"1191,434"
76,8,3.3902618191679847,-25.994830982425604,12.025443717251743,0,keypoint,"856,245"
77,1,4.42688303961583,1.4150819084719295,7.025158453924245,0,keypoint,"1145,520"
77,3,0.6044100404396978,3.0498699455418974,59.43211234883969,0,keypoint,"969,507"
77,7,5.514204543143473,-32.74508947839464,16.82623171905523,0,keypoint,"838,278"
77,22,11.007937304954247,13.02101046043956,96.47594933282616,0,keypoint,"1186,428"
77,8,3.2125849709657524,-25.57168687073798,13.228890587268548,0,keypoint,"859,242"
78,1,4.472832641819453,1.4733472347247383,6.53981939647342,0,keypoint,"1146,519"
78,3,0.7308487598305194,2.561205494535863,57.28424970981122,0,keypoint,"975,513"
78,7,5.405284566316434,-32.46582088087265,16.482676706685183,0,keypoint,"839,277"
78,22,10.990126937797319,14.005234787948213,98.63075559945759,0,keypoint,"1176,425"
78,8,3.2904876090868744,-25.145036356255307,17.224828838994192,0,keypoint,"854,239"
79,1,4.476703522586802,1.5397730382025847,6.595293842537077,0,keypoint,"1145,518"
79,3,0.8172671352796068,1.97793227090575,54.766102429977394,0,keypoint,"980,521"
79,7,5.317416068579331,-32.481240494750196,16.900714336260364,0,keypoint,"841,277"
79,22,11.481817213760179,16.47485697337872,116.46208821687343,0,keypoint,"1164,418"
79,8,3.2904876090868744,-25.145036356255307,15.530565818619404,0,keypoint,"854,239"
80,1,4.498006903413122,1.5360208410583278,6.400598175671094,0,keypoint,"1146,518"
80,3,0.9038682650520047,1.5719925870398954,51.08145579566936,0,keypoint,"985,527"
80,7,5.298893283200359,-32.193035802414784,16.518241833510157,0,keypoint,"840,276"
80,22,11.880634048943028,17.64151297733599,120.26117404719753,0,keypoint,"1162,415"
80,8,3.2951924578953284,-25.009787490452897,15.267122335670487,0,keypoint,"853,238"
81,1,4.51109708317396,1.4003647645754227,7.156384724566674,0,keypoint,"1149,520"
81,3,0.9874792459826778,0.964004100761999,52.00382187366235,0,keypoint,"991,537"
81,7,5.298893283200359,-32.193035802414784,13.347841761354168,0,keypoint,"840,276"
81,22,11.930568492369874,19.583573364461564,129.11723009604512,0,keypoint,"1149,411"
81,8,3.1062634204763406,-24.510077942874606,19.032395596472586,0,keypoint,"856,234"
82,1,4.4900572522405815,1.4040416598570378,7.163128009326229,0,keypoint,"1148,520"
82,3,1.0963140685659383,0.364590130641101,51.97415107321147,0,keypoint,"999,548"
82,7,5.255441088536415,-32.20052957934191,13.78877825493877,0,keypoint,"841,276"
82,22,12.439206324874059,21.632116302921336,139.99201501506735,0,keypoint,"1144,407"
82,8,3.1062634204763406,-24.510077942874606,18.700365348165032,0,keypoint,"856,234"
83,1,4.465229678523363,1.3428774589531274,6.587105706941538,0,keypoint,"1148,521"
83,3,1.2478022193753089,-0.1775387024372055,50.60669241988617,0,keypoint,"1010,559"
83,7,5.211949685175926,-32.20803011821118,13.76837134295377,0,keypoint,"842,276"
83,22,12.855594631108973,23.37495517256347,150.17864515119706,0,keypoint,"1140,404"
83,8,3.1062634204763406,-24.510077942874606,17.143060848335,0,keypoint,"856,234"
84,1,4.465229678523363,1.3428774589531274,5.87641175372475,0,keypoint,"1148,521"
84,3,1.2779681471384048,-0.5251424274849688,46.97172658750221,0,keypoint,"1014,567"
84,7,5.247272160985584,-32.79276061404729,19.626335409573414,0,keypoint,"844,278"
84,22,13.072090056521125,25.439806348153315,159.92551338968846,0,keypoint,"1132,401"
84,8,3.2392510349276815,-24.882576138832366,21.098318255751675,0,keypoint,"854,237"
85,1,4.536331168143918,1.4622069909997077,6.620814509567397,0,keypoint,"1149,519"
85,3,1.3964092219900532,-1.0476850369849673,47.39292479092586,0,keypoint,"1025,580"
85,7,5.330205912721947,-33.39985481233039,25.75366250028816,0,keypoint,"845,280"
85,22,12.927305112431867,27.112020185842663,160.0021137454912,0,keypoint,"1122,399"
85,8,3.269543314490266,-24.87971147505576,19.881537495378833,0,keypoint,"853,237"
85,43,3.2246356515137644,-24.499346328963153,0,0,keypoint,"852,234"
86,1,4.55747890719774,1.4584968109226282,5.464066894927482,0,keypoint,"1150,519"
86,3,1.4501457000488585,-1.4390010476852009,45.74989489459546,0,keypoint,"1032,591"
86,7,5.284456978899087,-33.40832043871259,20.11049725399401,0,keypoint,"846,280"
86,22,14.201968816713087,32.23762384980669,196.17115194132242,0,keypoint,"1116,393"
86,43,3.2003740943896917,-24.377523584440524,11.179363770832074,0,keypoint,"852,233"
87,1,4.536331168143918,1.4622069909997077,4.9367355173274925,0,keypoint,"1149,519"
87,3,1.4828023078582975,-1.9706312888187307,46.02864723994545,0,keypoint,"1040,608"
87,7,5.220417462969448,-33.10475361261425,20.215403955412523,0,keypoint,"846,279"
87,22,14.223844069268157,33.3615707622276,197.56889503082715,0,keypoint,"1112,392"
87,43,3.1764961845929633,-24.25762721958541,11.090974286798344,0,keypoint,"852,232"
88,1,4.536331168143918,1.4622069909997077,4.271350584706344,0,keypoint,"1149,519"
88,3,1.5778296839241923,-2.3145680973836598,43.70047442537858,0,keypoint,"1051,620"
88,7,5.202639251056638,-32.800731552180004,22.36870622681173,0,keypoint,"845,278"
88,22,15.470347421935559,39.303805329576264,233.1036306786964,0,keypoint,"1105,387"
88,43,3.1241014915197667,-24.14212377065066,11.198930363449712,0,keypoint,"853,231"
89,1,4.536331168143918,1.4622069909997077,4.055037612825182,0,keypoint,"1149,519"
89,3,1.6960435045728686,-2.727196752221527,43.842012898036415,0,keypoint,"1066,636"
89,7,5.330205912721947,-33.39985481233039,25.606249354739237,0,keypoint,"845,280"
89,22,15.448125251469081,40.90128025827882,236.7505253058496,0,keypoint,"1100,386"
89,43,3.4409777385622395,-24.11457397936759,15.555808921595109,0,keypoint,"842,231"
90,1,4.532127804008779,1.3966894613635588,3.3486980486721936,0,keypoint,"1150,520"
90,3,1.7466603240043264,-3.1086206704636563,41.552584226496975,0,keypoint,"1077,653"
90,7,5.4392186604362065,-34.376424064258266,35.432598030494574,0,keypoint,"847,283"
90,22,15.096363076064032,41.131739472956305,221.52883377412388,0,keypoint,"1096,386"
90,43,3.2107248966207353,-24.134592575892345,16.604832878199574,0,keypoint,"850,231"
91,1,4.4900572522405815,1.4040416598570378,3.5621925620750514,0,keypoint,"1148,520"
91,3,1.808508172063126,-3.431952532509883,38.75238009831357,0,keypoint,"1089,669"
91,7,5.533222081046935,-35.06949207657039,41.98580131801813,0,keypoint,"848,285"
91,22,16.548502111270214,49.781928568503574,288.13369483821964,0,keypoint,"1087,381"
91,43,3.55340455744244,-24.224398611718886,19.151140615554663,0,keypoint,"839,232"
92,1,4.4861536740066175,1.339234909486296,3.5513234502185993,0,keypoint,"1149,521"
92,3,1.9530760717313576,-3.734156139262621,36.473444647591,0,keypoint,"1109,685"
92,7,5.632575946911772,-35.802007828477144,48.93669609525175,0,keypoint,"849,287"
92,22,16.56384348601292,52.14623376774066,293.85835355560135,0,keypoint,"1082,380"
92,43,3.234670490731919,-24.252498516309377,20.529167584211613,0,keypoint,"850,232"
92,45,11.469088010830468,-70.11407983575891,0,0,keypoint,"859,327"
93,1,4.465229678523363,1.3428774589531274,3.7637103032960857,0,keypoint,"1148,521"
93,3,2.0312813653178705,-4.062402180187653,36.35868000917963,0,keypoint,"1126,705"
93,7,5.840735831992326,-36.55488810193996,50.89000109278673,0,keypoint,"848,289"
93,22,16.352113130230013,52.31475062042481,275.8027177181339,0,keypoint,"1080,380"
93,43,3.342723849228471,-24.48864046548262,20.884526605743773,0,keypoint,"848,234"
93,45,11.576948589169906,-70.04885127630618,11.344523857649286,0,keypoint,"858,327"
94,1,4.444296669447248,1.3465215775494246,2.5871256887699676,0,keypoint,"1147,521"
94,3,2.090037276493225,-4.458837832324519,35.00836522600912,0,keypoint,"1146,733"
94,7,5.923215371606741,-36.95329233570486,48.831197173160035,0,keypoint,"848,290"
94,22,19.87909224634932,68.18929580053239,421.63436494691115,0,keypoint,"1076,374"
94,43,3.321803190333789,-24.244816812967173,21.01121893179788,0,keypoint,"847,232"
94,45,11.328290353403402,-68.1018438368079,93.99923684331048,0,keypoint,"857,326"
95,1,4.419868182329112,1.2860242270105744,3.0248507786183163,0,keypoint,"1147,522"
95,3,2.2011094544774172,-4.872775546944951,35.34428882456345,0,keypoint,"1176,767"
95,7,5.955238820787559,-37.37552826464148,52.600426715281905,0,keypoint,"849,291"
95,22,19.804056728125527,72.57758890176532,412.70649710329957,0,keypoint,"1069,373"
95,43,3.3508131484190398,-24.24225926691387,20.060292179140795,0,keypoint,"846,232"
95,45,11.576948589169906,-70.04885127630618,121.55080783853089,0,keypoint,"858,327"
96,1,4.419868182329112,1.2860242270105744,2.810143465446898,0,keypoint,"1147,522"
96,3,2.338633378026794,-5.300032945303702,34.50641448454282,0,keypoint,"1216,809"
96,7,5.934499429939512,-37.823422788961686,53.98169008785796,0,keypoint,"851,292"
96,22,19.86321768440145,77.3215219335853,448.90791851949655,0,keypoint,"1063,372"
96,43,3.3760351942598774,-24.361819452409694,20.059698856521422,0,keypoint,"846,233"
97,1,4.395718005130046,1.2262161132898264,3.4551428085147964,0,keypoint,"1147,523"
97,3,2.391006680990921,-5.602582071473981,34.00867093157519,0,keypoint,"1244,845"
97,7,6.022328083819041,-38.26011434210691,55.39063760148082,0,keypoint,"851,293"
97,22,20.381082095303153,82.09827740171863,436.2397033726104,0,keypoint,"1060,371"
97,43,3.398012170646991,-24.609468657849263,21.27760739667921,0,keypoint,"847,235"
98,1,4.371841408677576,1.1670855245524188,4.092835397666226,0,keypoint,"1147,524"
98,3,2.3734822097150037,-5.935227155182579,33.04745193297581,0,keypoint,"1270,893"
98,7,5.868055121031487,-39.258375355803246,59.36621621145688,0,keypoint,"857,295"
98,22,22.863126444409925,99.42687597332329,595.3179350541849,0,keypoint,"1054,368"
98,43,3.4207254162819525,-24.865414568486596,20.66640880848801,0,keypoint,"848,237"
99,1,4.368715499060208,1.1051090515365476,4.056865661423415,0,keypoint,"1148,525"
99,3,2.592099983186797,-6.261947555650428,33.13093079690976,0,keypoint,"1337,946"
99,7,6.286298016052655,-40.178757716590006,59.649421478794665,0,keypoint,"853,297"
99,22,21.991025213351033,100.69981879399253,606.5429119594361,0,keypoint,"1049,368"
100,1,4.36562589772713,1.0438524519901908,4.243128805199033,0,keypoint,"1149,526"
100,3,2.6430538351927324,-6.2875758388034235,30.40935128958887,0,keypoint,"1348,950"
100,7,6.649672519108419,-42.35251785392256,74.69450619431318,0,keypoint,"854,301"
100,22,22.807423841002972,108.4947483207741,597.2062650418377,0,keypoint,"1046,367"
100,43,3.5055680862339664,-25.124112245594258,19.716469340489382,0,keypoint,"847,239"
101,1,4.322070685543364,0.9901967859416472,4.284971884437188,0,keypoint,"1148,527"
101,3,2.671517541619605,-6.269414653822589,27.396963490454063,0,keypoint,"1350,946"
101,7,6.355923710626208,-41.83552115410522,73.24848550513288,0,keypoint,"857,300"
101,22,20.554782283662924,102.79619827491913,634.8390293532722,0,keypoint,"1041,368"
101,43,3.5335900403982987,-25.258194308380443,17.543738798759406,0,keypoint,"847,240"
102,1,4.322070685543364,0.9901967859416472,4.0725850313597025,0,keypoint,"1148,527"
102,3,2.7380246289162793,-6.074813852843706,26.07914409224111,0,keypoint,"1336,910"
102,7,6.401568724279307,-42.42244624568385,71.32418960548284,0,keypoint,"858,301"
102,22,24.629795911394247,128.32055869766657,890.6090233226754,0,keypoint,"1039,365"
102,43,3.5055680862339664,-25.124112245594258,15.713824913271303,0,keypoint,"847,239"
103,1,4.322070685543364,0.9901967859416472,3.8601066867397,0,keypoint,"1148,527"
103,3,2.9236842388453943,-6.418563658548847,25.978315615165585,0,keypoint,"1410,971"
103,7,6.339340163642256,-42.43998545007196,67.90219697888028,0,keypoint,"859,301"
103,22,28.401836333334895,153.31195172074874,980.7372131847156,0,keypoint,"1037,363"
103,43,3.53621710887614,-25.121130554508564,13.424868787384636,0,keypoint,"846,239"
104,1,4.301807392427252,0.993645703647837,3.4132213783852587,0,keypoint,"1147,527"
104,3,2.991831795097662,-6.536013546123755,23.050394899327983,0,keypoint,"1440,995"
104,7,6.44889833288985,-43.03103265293651,69.67886593752249,0,keypoint,"859,302"
104,22,33.02368358961543,191.86480925492157,1325.136973178932,0,keypoint,"1032,361"
104,43,3.53621710887614,-25.121130554508564,10.977673505136774,0,keypoint,"846,239"
105,1,4.345262497617494,1.0473311909859928,4.1039078280735595,0,keypoint,"1148,526"
105,3,2.9668818187538246,-6.265499530586273,21.278567923712608,0,keypoint,"1394,940"
105,7,6.735606129793633,-44.95808976944789,84.6778075426748,0,keypoint,"860,305"
105,22,40.50757717518234,254.29125201830138,1906.4283510287705,0,keypoint,"1027,359"
105,43,3.538799034612302,-24.986422062285403,12.03378106300494,0,keypoint,"845,238"
106,1,4.345262497617494,1.0473311909859928,3.4589084850056615,0,keypoint,"1148,526"
106,7,6.483292525656244,-44.338027692629886,86.91776529054283,0,keypoint,"862,304"
106,22,46.82073524762596,299.69496473982844,2316.786079472002,0,keypoint,"1026,358"
106,43,3.5112118579995837,-24.856857496004594,12.136554705977954,0,keypoint,"845,237"
107,1,4.345262497617494,1.0473311909859928,2.8212158958542313,0,keypoint,"1148,526"
107,7,6.351607496098694,-44.37782575364464,78.19232607543735,0,keypoint,"864,304"
107,22,55.06139294404265,369.7579052241493,2847.1905573141253,0,keypoint,"1023,357"
107,43,3.538799034612302,-24.986422062285403,10.9750200735085,0,keypoint,"845,238"
108,1,4.345262497617494,1.0473311909859928,2.2006633583182897,0,keypoint,"1148,526"
108,7,6.400838793885214,-45.06171957276473,74.93940743336765,0,keypoint,"865,305"
108,22,68.12373324037621,480.81529948600627,3949.9896336162533,0,keypoint,"1020,356"
108,43,3.5112118579995837,-24.856857496004594,9.730192338357044,0,keypoint,"845,237"
109,1,4.345262497617494,1.0473311909859928,1.5873187060729086,0,keypoint,"1148,526"
109,7,6.400838793885214,-45.06171957276473,52.900182936740975,0,keypoint,"865,305"
109,22,149.51274639764475,1172.793269569006,10839.093311458202,0,keypoint,"1014,354"
109,43,3.5413369712732696,-24.854008640718444,8.671512685281066,0,keypoint,"844,237"
110,1,4.345262497617494,1.0473311909859928,0.8962335443536271,0,keypoint,"1148,526"
110,7,6.520481175849179,-45.75121339130886,53.951945795864496,0,keypoint,"865,306"
110,22,-152.02820989620596,-1254.3988521387885,35236.329920341195,0,keypoint,"1012,351"
110,43,3.5736836747724694,-24.721048676008248,8.67010415221091,0,keypoint,"842,236"
111,1,4.368715499060208,1.1051090515365476,1.5197978510992358,0,keypoint,"1148,525"
111,7,6.520481175849179,-45.75121339130886,48.0649726313599,0,keypoint,"865,306"
111,22,-38.4245886299846,-341.75367644954827,44174.739204623336,0,keypoint,"1009,347"
111,43,3.5736836747724694,-24.721048676008248,7.300314771459758,0,keypoint,"842,236"
112,1,4.39243412718406,1.163541299176048,2.150424593656313,0,keypoint,"1148,524"
112,7,6.400838793885214,-45.06171957276473,54.416413402710006,0,keypoint,"865,305"
112,22,-29.6144794620058,-285.3402050312583,44492.96732644309,0,keypoint,"1005,346"
112,43,3.5193258155929463,-24.47262974994219,9.535343176415227,0,keypoint,"842,234"
113,1,4.371841408677576,1.1670855245524188,2.153832419728884,0,keypoint,"1147,524"
113,7,6.467981041704676,-45.04093517360313,49.10811537423704,0,keypoint,"864,305"
113,22,-23.959137018023405,-246.41699443620752,44497.9973305162,0,keypoint,"1002,345"
113,43,3.437740409493342,-24.234595675231596,12.051618185466621,0,keypoint,"843,232"
114,1,4.395718005130046,1.2262161132898264,2.100838559192013,0,keypoint,"1147,523"
114,7,6.400838793885214,-45.06171957276473,30.32828600068825,0,keypoint,"865,305"
114,22,-13.577996012264254,-153.07504126126335,44808.4374812826,0,keypoint,"999,340"
114,43,3.557959951085054,-23.986727093717867,13.459128348059279,0,keypoint,"837,230"
115,1,4.395718005130046,1.2262161132898264,2.100838559192013,0,keypoint,"1147,523"
115,7,6.400838793885214,-45.06171957276473,23.63396651368546,0,keypoint,"865,305"
115,22,-11.6851832897807,-141.77501509147635,44464.60687552614,0,keypoint,"996,339"
115,43,3.557959951085054,-23.986727093717867,12.134438605176234,0,keypoint,"837,230"
116,1,4.419868182329112,1.2860242270105744,2.7458379022599115,0,keypoint,"1147,522"
116,7,6.333601755971717,-45.08253331492888,22.962139731812467,0,keypoint,"866,305"
116,22,-8.877944100614634,-117.84180890930736,44000.12068082254,0,keypoint,"993,336"
116,43,3.557959951085054,-23.986727093717867,10.809748862293189,0,keypoint,"837,230"
117,1,4.419868182329112,1.2860242270105744,2.7458379022599115,0,keypoint,"1147,522"
117,7,6.314849996700061,-45.81643852809682,23.446951770318623,0,keypoint,"868,306"
117,22,-7.706908118306477,-111.2862794722236,42948.48430798942,0,keypoint,"990,335"
117,43,3.557959951085054,-23.986727093717867,9.485059119410144,0,keypoint,"837,230"
118,1,4.419868182329112,1.2860242270105744,2.7458379022599115,0,keypoint,"1147,522"
118,7,6.246108581183732,-45.83824294632074,24.16811852366159,0,keypoint,"869,306"
118,22,-6.87868970294185,-105.6544050706996,36037.92944700276,0,keypoint,"988,334"
118,43,3.5883640750957233,-23.868351510820794,10.40464188867958,0,keypoint,"835,229"
119,1,4.419868182329112,1.2860242270105744,2.7458379022599115,0,keypoint,"1147,522"
119,7,6.131319890065556,-45.14515122214357,24.195476963300187,0,keypoint,"869,305"
119,22,-5.8431753067416174,-96.35669532580523,11672.968486423611,0,keypoint,"986,332"
119,43,3.5115569823181665,-23.538067471993703,12.42723252133981,0,keypoint,"835,226"
120,1,4.444296669447248,1.3465215775494246,2.774705998534069,0,keypoint,"1147,521"
120,7,6.198842505790838,-45.12424907717159,24.90231522618737,0,keypoint,"868,305"
120,22,-4.821119110686174,-88.58174014588913,2554.501593072544,0,keypoint,"983,330"
120,43,3.539108706536542,-23.53583219949979,12.703655015093027,0,keypoint,"834,226"
121,1,4.444296669447248,1.3465215775494246,2.144079255976992,0,keypoint,"1147,521"
121,7,6.08714112993208,-44.457753203351096,24.66225739891084,0,keypoint,"868,304"
121,22,-4.275315353287151,-82.27914428319885,2046.7907831526666,0,keypoint,"982,328"
121,43,3.543675020394366,-23.319599311760538,12.32350040073892,0,keypoint,"832,224"
122,1,4.532127804008779,1.3966894613635588,2.9466145608346825,0,keypoint,"1150,520"
122,7,5.783614299094072,-43.87336887695634,30.544486905075765,0,keypoint,"871,303"
122,22,-3.667576925351806,-76.82236306944098,1708.3768709508947,0,keypoint,"980,326"
122,43,3.4679105241529604,-23.116059916650087,11.97905743520843,0,keypoint,"833,222"
123,1,4.469008305287881,1.4077201482431094,2.9496830169889194,0,keypoint,"1147,520"
123,7,5.821202851699335,-44.53812549668488,36.49981530684502,0,keypoint,"872,304"
123,22,-3.0364916313862365,-70.08149795414889,836.9057434792202,0,keypoint,"978,323"
123,43,3.4679105241529604,-23.116059916650087,9.224214937312244,0,keypoint,"833,222"
124,1,4.469008305287881,1.4077201482431094,2.94968301698892,0,keypoint,"1147,520"
124,7,5.9701487553452,-45.92577596277662,50.45602789571566,0,keypoint,"873,306"
124,22,-2.656319736690786,-69.88356367755678,726.617293558284,0,keypoint,"975,323"
124,43,3.49205039739016,-23.218145072045182,10.273219819662593,0,keypoint,"833,223"
125,1,4.4900572522405815,1.4040416598570378,2.518363210756927,0,keypoint,"1148,520"
125,7,6.15477928572177,-46.62708651470269,57.00424724952505,0,keypoint,"872,307"
125,22,-2.20203064151685,-67.79682760113596,507.00062125621935,0,keypoint,"972,322"
125,43,3.49205039739016,-23.218145072045182,10.273219819662593,0,keypoint,"833,223"
126,1,4.4900572522405815,1.4040416598570378,2.518363210756927,0,keypoint,"1148,520"
126,7,6.455734577424069,-49.00482013483861,73.62984239739532,0,keypoint,"873,310"
126,22,-4.2605806360027465,-63.804732843311015,485.32358560064364,0,keypoint,"992,319"
126,43,3.516547399282302,-23.321740489481744,11.337743826698564,0,keypoint,"833,224"
127,1,4.444296669447248,1.3465215775494246,3.253386394490617,0,keypoint,"1147,521"
127,7,6.455734577424069,-49.00482013483861,72.90867564405237,0,keypoint,"873,310"
127,22,-1.6155225204110042,-61.14425596423063,465.91506984501757,0,keypoint,"969,318"
127,43,3.49205039739016,-23.218145072045182,11.180089885026653,0,keypoint,"833,223"
128,1,4.444296669447248,1.3465215775494246,3.253386394490617,0,keypoint,"1147,521"
128,7,6.5901303363163155,-49.85700827409565,74.51055195252839,0,keypoint,"873,311"
128,22,-1.2561051957985798,-59.61159496491063,388.10550425399197,0,keypoint,"966,317"
128,43,3.4679105241529604,-23.116059916650087,8.83812328703577,0,keypoint,"833,222"
129,1,4.469008305287881,1.4077201482431094,3.2609486884851497,0,keypoint,"1147,520"
129,7,6.4376820687665015,-49.91198383663351,75.4242934240355,0,keypoint,"875,311"
129,22,-1.0497991050041426,-59.52331419259778,311.93106566276833,0,keypoint,"964,317"
129,43,3.441150446695694,-23.11811497983831,8.830089509555519,0,keypoint,"834,222"
130,1,4.469008305287881,1.4077201482431094,3.2609486884851497,0,keypoint,"1147,520"
130,7,6.5139672727405635,-49.88447403236227,69.47731900078321,0,keypoint,"874,311"
130,22,-2.7754455116055365,-57.68353891649289,273.89346730377724,0,keypoint,"982,315"
131,1,4.469008305287881,1.4077201482431094,2.2494584628895624,0,keypoint,"1147,520"
131,7,6.208090669276881,-49.994778587558955,66.14381093470956,0,keypoint,"878,311"
131,22,-0.5012623623112837,-56.76653648600724,243.5092861273974,0,keypoint,"959,315"
132,1,4.444296669447248,1.3465215775494246,2.268692114598195,0,keypoint,"1147,521"
132,7,6.318822552981023,-51.88838496398176,78.45403834482967,0,keypoint,"880,313"
132,22,-0.2022482533324426,-55.481210501538115,189.00235147292565,0,keypoint,"956,314"
132,43,3.4111559886912053,-23.224443084546742,7.035537706995333,0,keypoint,"836,223"
133,1,4.444296669447248,1.3465215775494246,2.2686921145981946,0,keypoint,"1147,521"
133,7,6.524353642731553,-53.93364813474043,85.0534684521042,0,keypoint,"881,315"
133,22,-0.10853583246340376,-55.444495167377184,185.7227074768889,0,keypoint,"955,314"
133,43,3.4319659146285435,-23.43563776780715,6.985880191051789,0,keypoint,"837,225"
134,1,4.419868182329112,1.2860242270105744,2.707444980782056,0,keypoint,"1147,522"
134,7,6.50577083077416,-55.08535442795461,89.31996231810007,0,keypoint,"883,316"
134,22,-0.01030768048122278,-54.299148585661776,175.86208036771896,0,keypoint,"954,313"
134,43,3.539108706536542,-23.53583219949979,8.452798798202558,0,keypoint,"834,226"
135,1,4.419868182329112,1.2860242270105744,2.707444980782056,0,keypoint,"1147,522"
135,7,6.646875355108376,-57.4983579648156,89.52417663644206,0,keypoint,"885,318"
135,22,0.08081755804709036,-54.26443901231477,131.92122341196344,0,keypoint,"953,313"
135,43,3.5666449655219945,-23.533598181700842,7.680061249143705,0,keypoint,"833,226"
136,1,4.375004270392123,1.229794635722808,2.6917643809872844,0,keypoint,"1146,523"
136,7,6.815957905291218,-58.76088351748243,102.26215010129522,0,keypoint,"885,319"
136,22,0.17177958267362572,-54.229791607089254,95.37863936965195,0,keypoint,"952,313"
136,43,3.5666449655219945,-23.533598181700842,7.680061249143703,0,keypoint,"833,226"
137,1,4.375004270392123,1.229794635722808,2.6917643809872844,0,keypoint,"1146,523"
137,7,7.1821130357117156,-61.49493388457249,121.21954298189833,0,keypoint,"885,321"
137,22,0.3491778629921775,-53.110879823004375,90.9651160502357,0,keypoint,"950,312"
137,43,3.5666449655219945,-23.533598181700842,6.6155372421077345,0,keypoint,"833,226"
138,1,4.375004270392123,1.229794635722808,2.031769683972984,0,keypoint,"1146,523"
138,7,7.380773933428157,-62.97831853551083,134.56524593533592,0,keypoint,"885,322"
138,22,0.43167970116676774,-52.07785534222318,99.08424574600629,0,keypoint,"949,311"
138,43,3.5666449655219945,-23.533598181700842,5.551013235071766,0,keypoint,"833,226"
139,1,4.375004270392123,1.229794635722808,2.031769683972984,0,keypoint,"1146,523"
139,7,7.708319419309994,-66.26980762383816,166.83177119832897,0,keypoint,"886,324"
139,22,0.5103683975025861,-51.09257608694549,83.74415906388823,0,keypoint,"948,310"
139,43,3.564524844585067,-23.64421263150635,5.608356011396669,0,keypoint,"834,227"
140,1,4.395718005130046,1.2262161132898264,2.241975447356488,0,keypoint,"1147,523"
140,7,7.708319419309994,-66.26980762383816,163.58019325149118,0,keypoint,"886,324"
140,22,0.6785330167331607,-51.03352393202223,61.005458463003066,0,keypoint,"946,310"
140,43,3.564524844585067,-23.64421263150635,5.339967295123708,0,keypoint,"834,227"
141,1,4.39243412718406,1.163541299176048,2.20958860390688,0,keypoint,"1148,524"
141,7,8.340477586620567,-72.00610335539677,202.32201630613645,0,keypoint,"887,327"
141,22,0.7624058000546265,-51.004071431150095,48.697910063698195,0,keypoint,"945,310"
141,43,3.6741052081734433,-23.747258869643133,6.475915003367885,0,keypoint,"831,228"
142,1,4.368715499060208,1.1051090515365476,2.8402153464639572,0,keypoint,"1148,525"
142,7,8.381173562079233,-74.30927691170774,204.8017042846498,0,keypoint,"889,328"
142,22,0.8612577680167537,-51.92294183445699,56.93315286843959,0,keypoint,"944,311"
142,43,3.7019989541199383,-23.744932539072323,4.6336463308297295,0,keypoint,"830,228"
143,1,4.345262497617494,1.0473311909859928,2.811347250189799,0,keypoint,"1148,526"
143,7,8.858487918066235,-79.2020148963068,242.4427944142478,0,keypoint,"890,330"
143,22,1.0320697775470868,-51.86134397924301,47.25343550010953,0,keypoint,"942,311"
143,43,3.7019989541199383,-23.744932539072323,3.1667277236789593,0,keypoint,"830,228"
144,1,4.322070685543364,0.9901967859416472,3.4279670996151226,0,keypoint,"1148,527"
144,7,8.858487918066235,-79.2020148963068,218.27153760850595,0,keypoint,"890,330"
144,22,1.17968831940436,-50.8575398236564,56.424321083989085,0,keypoint,"940,310"
144,43,3.729876822250156,-23.742607532706934,3.170206916028965,0,keypoint,"829,228"
145,1,4.322070685543364,0.9901967859416472,2.7086245156762043,0,keypoint,"1148,527"
145,7,8.858487918066235,-79.2020148963068,205.5335641436528,0,keypoint,"890,330"
145,22,1.4014495247804934,-49.872663452719905,65.5462919526763,0,keypoint,"937,309"
145,43,3.6753803292530813,-23.63509410321963,4.375570150456743,0,keypoint,"830,227"
146,1,4.345262497617494,1.0473311909859928,3.325244365101528,0,keypoint,"1148,526"
146,7,8.730116346096372,-79.29003570512116,179.50546522397406,0,keypoint,"891,330"
146,22,1.428450625839004,-48.16386073908246,71.30757877898857,0,keypoint,"936,307"
146,43,3.647689955692936,-23.63737180247226,4.6534090789361455,0,keypoint,"831,227"
147,1,4.368715499060208,1.1051090515365476,3.948808671847137,0,keypoint,"1148,525"
147,7,8.925485059867679,-82.07870044801051,192.49418205779267,0,keypoint,"892,331"
147,22,1.5548279534264287,-47.32629267653346,69.41492848527884,0,keypoint,"934,306"
147,43,3.6216711398502635,-23.529133905964546,5.766621593161052,0,keypoint,"831,226"
148,1,4.368715499060208,1.1051090515365476,3.948808671847137,0,keypoint,"1148,525"
148,7,8.65791433438923,-82.27059970650161,162.70942814103074,0,keypoint,"894,331"
148,22,0.6939294473843799,-46.087698295277946,74.61473631714739,0,keypoint,"945,304"
148,43,3.649161081184628,-23.526903645918495,4.936076569433293,0,keypoint,"830,226"
149,1,4.389188607108532,1.1015985684223606,3.9463218639908897,0,keypoint,"1149,525"
149,7,9.222572073847518,-88.49603515702216,225.21933528488125,0,keypoint,"895,333"
149,22,1.791777548185898,-45.75590487997899,84.30132335277128,0,keypoint,"930,304"
149,43,3.6766356092692405,-23.524674636350028,5.211724565458748,0,keypoint,"829,226"
150,1,4.36562589772713,1.0438524519901908,3.942397843501109,0,keypoint,"1149,526"
150,7,10.685223477411068,-99.74137318248967,280.90970680387915,0,keypoint,"894,336"
150,22,1.791777548185898,-45.75590487997899,83.41238614521876,0,keypoint,"930,304"
150,43,3.7315384775121694,-23.520220364441386,4.2583502840028835,0,keypoint,"827,226"
151,1,4.345262497617494,1.0473311909859928,3.518355148979215,0,keypoint,"1148,526"
151,7,11.042753073962123,-104.45547629079871,305.1507925841286,0,keypoint,"895,337"
151,22,0.8167806729308316,-44.65524508914706,88.87464471288861,0,keypoint,"943,302"
151,43,3.7315384775121694,-23.520220364441386,3.9784444289636784,0,keypoint,"827,226"
152,1,4.345262497617494,1.0473311909859928,2.8947908422336064,0,keypoint,"1148,526"
152,7,10.87198168431825,-104.6229872613226,258.3832690569883,0,keypoint,"896,337"
152,22,1.1000449323071761,-44.57355621817691,90.00693106197826,0,keypoint,"939,302"
153,1,4.368715499060208,1.1051090515365476,2.9017352995538914,0,keypoint,"1148,525"
153,7,9.41888443214661,-96.29790757047314,342.89270254418136,0,keypoint,"899,335"
153,22,1.5219698245451199,-44.45187984376596,84.25211978499648,0,keypoint,"933,302"
154,1,4.371841408677576,1.1670855245524188,3.5222878370898325,0,keypoint,"1147,524"
154,7,9.100340365928211,-96.57669507286235,347.1258195235638,0,keypoint,"901,335"
154,22,1.497330316295539,-43.804712506143694,80.63313896778831,0,keypoint,"933,301"
155,1,4.395718005130046,1.2262161132898264,3.5433605768159397,0,keypoint,"1147,523"
155,7,8.398618912194706,-92.97454801545423,382.2679249515179,0,keypoint,"903,334"
155,22,1.6238101825876432,-41.9469123799799,82.16398423702759,0,keypoint,"930,298"
156,1,4.419868182329112,1.2860242270105744,3.5647956131382292,0,keypoint,"1147,522"
156,7,7.752160052525629,-89.65608045727615,388.1214095602229,0,keypoint,"905,333"
156,22,1.5753410779913022,-40.847779490495334,84.6955078633973,0,keypoint,"930,296"
157,1,4.419868182329112,1.2860242270105744,3.5647956131382292,0,keypoint,"1147,522"
157,7,8.08872650388966,-93.23175244450658,420.7434692808302,0,keypoint,"905,334"
157,22,1.1639262169414109,-39.908710311672635,79.86391606347267,0,keypoint,"936,294"
158,1,4.419868182329112,1.2860242270105744,3.357076657610973,0,keypoint,"1147,522"
158,7,8.6183772297778,-96.99850578359441,396.27164911432794,0,keypoint,"904,335"
158,22,1.208377875227575,-39.40202286276838,73.48134904699162,0,keypoint,"935,293"
159,1,4.419868182329112,1.2860242270105744,2.7333928245360615,0,keypoint,"1147,522"
159,7,8.349918575367381,-101.90206807575653,331.9800976011154,0,keypoint,"908,336"
159,22,1.0011067369453006,-38.50407115108048,82.69698034000712,0,keypoint,"938,291"
160,1,4.419868182329112,1.2860242270105744,2.5268087765008787,0,keypoint,"1147,522"
160,7,8.771354252284393,-106.6835088778697,332.70345632681745,0,keypoint,"908,337"
160,22,1.2186282164420157,-38.00388009506184,73.44741564041726,0,keypoint,"934,290"
161,1,4.423354640952742,1.350167266289325,3.1691859929126704,0,keypoint,"1146,521"
161,7,8.178514496281542,-102.06065632607107,376.9184352154999,0,keypoint,"909,336"
161,22,1.4476764359769776,-37.95273102548157,72.84623465151766,0,keypoint,"930,290"
162,1,4.444296669447248,1.3465215775494246,2.758191581461043,0,keypoint,"1147,521"
162,7,7.803852929363394,-97.71137166128487,336.0629229554658,0,keypoint,"909,335"
162,22,1.4655907521048321,-37.09007775810288,77.08343427110023,0,keypoint,"929,288"
163,1,4.444296669447248,1.3465215775494246,2.1376390439251014,0,keypoint,"1147,521"
163,7,7.63923356218441,-97.85544536124601,334.0174249344694,0,keypoint,"910,335"
163,22,1.589881125625724,-36.25570040340177,79.04291034460051,0,keypoint,"926,286"
164,1,4.469008305287881,1.4077201482431094,2.1599411517879714,0,keypoint,"1147,520"
164,7,8.00647949137604,-102.21982832808128,341.1168882218371,0,keypoint,"910,336"
164,22,1.6228259185937466,-35.862546544391236,64.36722250920918,0,keypoint,"925,285"
165,1,4.4900572522405815,1.4040416598570378,1.7286213455559785,0,keypoint,"1148,520"
165,7,7.833810070640288,-102.37958731085064,309.6607999219641,0,keypoint,"911,336"
165,22,1.654818554053983,-35.48075546428577,57.1965036092395,0,keypoint,"924,284"
166,1,4.465229678523363,1.3428774589531274,2.388732539893557,0,keypoint,"1148,521"
166,7,8.480894284066313,-112.77559413531769,377.90728740205725,0,keypoint,"912,338"
166,22,1.7068614827757183,-35.470396134166535,47.47476229863612,0,keypoint,"923,284"
167,1,4.465229678523363,1.3428774589531274,2.388732539893557,0,keypoint,"1148,521"
167,7,9.29075640424714,-125.7867786976797,470.23284580544816,0,keypoint,"913,340"
167,22,1.6345610311515977,-35.11987341634947,45.9674421389308,0,keypoint,"924,283"
168,1,4.440686521048823,1.2824139343378278,3.0412817248386452,0,keypoint,"1148,522"
168,7,9.29075640424714,-125.7867786976797,421.1237904263818,0,keypoint,"913,340"
168,22,1.7666586200900036,-34.73964805684722,40.77699527662097,0,keypoint,"921,282"
169,1,4.419868182329112,1.2860242270105744,3.252572387252182,0,keypoint,"1147,522"
169,7,10.333655054858955,-142.54191081809543,540.9995911846304,0,keypoint,"914,342"
169,22,1.7454791470532967,-34.3988375407927,38.73725767374035,0,keypoint,"921,281"
170,1,4.419868182329112,1.2860242270105744,2.61019517084039,0,keypoint,"1147,522"
170,7,10.091962674171668,-142.8779509228854,498.53178506521937,0,keypoint,"915,342"
170,22,1.7740479745837627,-34.05790521798481,39.81163150153049,0,keypoint,"920,280"
171,1,4.465229678523363,1.3428774589531274,3.124946065796128,0,keypoint,"1148,521"
171,7,10.091962674171668,-142.8779509228854,454.87786383806053,0,keypoint,"915,342"
171,22,1.924478828731001,-33.386174310831116,38.066928743585635,0,keypoint,"916,278"
172,1,4.440686521048823,1.2824139343378278,3.777495250741216,0,keypoint,"1148,522"
172,7,11.16910091864323,-165.8552489517087,682.7155590307632,0,keypoint,"917,344"
172,22,1.9721965432537405,-33.3776524611265,30.11581746450174,0,keypoint,"915,278"
173,1,4.461495946886366,1.2788051873269901,3.328700757011957,0,keypoint,"1149,522"
173,7,11.859886358777947,-180.59094607639406,786.4362871521067,0,keypoint,"918,345"
173,22,1.9721965432537405,-33.3776524611265,26.17049978098651,0,keypoint,"915,278"
174,1,4.437119021795377,1.2190636384339104,3.760256614511787,0,keypoint,"1149,523"
174,7,14.452080827250187,-218.62702484345027,1165.326958161676,0,keypoint,"918,347"
174,22,2.091940772972165,-33.67343072922723,25.530187040609594,0,keypoint,"913,279"
175,1,4.413018129233756,1.1599985739943859,3.738074480455363,0,keypoint,"1149,524"
175,7,18.5231367627689,-278.36289964444364,1659.9100729380286,0,keypoint,"918,349"
175,22,2.14012597616203,-33.66467189062023,25.48929560340173,0,keypoint,"912,279"
176,1,4.413018129233756,1.1599985739943859,3.738074480455363,0,keypoint,"1149,524"
176,7,21.07344449836037,-325.0611576974061,1997.2248827727603,0,keypoint,"919,350"
176,22,2.2145901474149627,-33.976384947911754,25.11511914104677,0,keypoint,"911,280"
177,1,4.389188607108532,1.1015985684223606,3.716271423166175,0,keypoint,"1149,525"
177,7,24.108432030680646,-394.2533768658178,2689.8123749187607,0,keypoint,"921,351"
177,22,2.3119611582974784,-33.95836689744132,22.080175282274908,0,keypoint,"909,280"
178,1,4.36562589772713,1.0438524519901908,4.128664593827549,0,keypoint,"1149,526"
178,7,29.553938683778142,-497.6235736489147,3557.0721102163175,0,keypoint,"922,352"
178,22,2.2844021433864636,-33.63844617027668,21.876550981662458,0,keypoint,"909,279"
179,1,4.3859807767377585,1.040375168678569,4.335162196420565,0,keypoint,"1150,526"
179,7,38.999599629237494,-676.9273359761867,5348.456679340784,0,keypoint,"923,353"
179,22,2.304946223627238,-33.318227092712114,21.664053070922918,0,keypoint,"908,278"
180,1,4.3859807767377585,1.040375168678569,3.6078414061708455,0,keypoint,"1150,526"
180,7,38.15928670984298,-685.7975434726283,5437.555897537372,0,keypoint,"924,353"
180,22,2.352300627311962,-33.30977012625659,15.261399628026826,0,keypoint,"907,278"
181,1,4.382809983335045,0.979858642066666,3.5612875944730993,0,keypoint,"1151,527"
181,7,136.31629833820594,-2524.2570587496216,23618.3105458005,0,keypoint,"925,355"
181,22,2.380354060838483,-33.621004563655625,17.90163459604703,0,keypoint,"907,279"
182,1,4.379675589149911,0.9200368167297885,3.949126222445571,0,keypoint,"1152,528"
182,7,-66.37230082648614,1374.0856922120497,62506.876173746175,0,keypoint,"928,357"
182,22,2.409141661131304,-33.9403840995949,21.108377708730153,0,keypoint,"907,280"
183,1,4.45055626163097,1.091075978767196,5.155335255626517,0,keypoint,"1152,525"
183,7,-36.023258297739154,776.0321717647505,68113.86387819257,0,keypoint,"929,358"
183,22,2.438692630351676,-34.268232712892114,21.209176018098837,0,keypoint,"907,281"
184,1,4.4469943406270716,1.0299520437175147,5.12968249875712,0,keypoint,"1153,526"
184,7,-18.54537997066841,415.4293984955367,71125.3803872399,0,keypoint,"930,360"
184,22,2.438692630351676,-34.268232712892114,20.71942801553098,0,keypoint,"907,281"
185,1,4.373513519810396,0.8024299638677033,7.520618044669565,0,keypoint,"1154,530"
185,7,-14.304217512266112,334.9208570791483,71463.90368716967,0,keypoint,"931,361"
185,22,3.014015386121349,-34.50033408839486,23.71835639656635,0,keypoint,"896,282"
186,1,4.370484640309696,0.7446219506584351,7.468745003469814,0,keypoint,"1155,531"
186,7,-13.517840855758937,332.5439095711887,70796.35270376889,0,keypoint,"932,361"
186,22,3.036209664621883,-33.82434809634417,29.49161822684189,0,keypoint,"894,280"
187,1,4.390260238057571,0.7413042869829852,7.045580785033754,0,keypoint,"1156,531"
187,7,-12.742058221805927,330.19898416777306,69785.91661082522,0,keypoint,"933,361"
187,22,2.963825121629996,-33.20055869642597,32.56031386766196,0,keypoint,"894,278"
188,1,4.367489750549234,0.6874626523788552,7.423669935473337,0,keypoint,"1156,532"
188,7,-8.230467669039037,237.7722266433752,68915.76077282686,0,keypoint,"935,363"
188,22,2.6046562893520595,-32.95728947038413,33.68953654234695,0,keypoint,"901,277"
189,1,4.384084439722823,0.6276834132176442,8.044068286813932,0,keypoint,"1158,533"
189,7,-8.77186721303624,239.02048976998856,68840.26770875075,0,keypoint,"934,363"
189,22,2.574595293596495,-32.66286895066023,36.168012062605676,0,keypoint,"901,276"
190,1,4.381047931539642,0.5718184554798196,7.997547120746463,0,keypoint,"1159,534"
190,7,-7.2552054947238185,209.13338940742307,50728.74332788012,0,keypoint,"935,364"
190,22,2.620497376079975,-32.654952665435,33.50884717211933,0,keypoint,"900,276"
191,1,4.378044927953719,0.516569907379883,7.951809301388266,0,keypoint,"1160,535"
191,7,-6.064238823012955,185.66438506972756,11927.65093830302,0,keypoint,"936,365"
191,22,3.113374191626504,-32.8680170482114,35.671684923071425,0,keypoint,"890,277"
192,1,4.3943032531384265,0.4587574908848065,6.700915341260618,0,keypoint,"1162,536"
192,7,-6.064238823012955,185.66438506972756,5939.420167016566,0,keypoint,"936,365"
192,22,2.712174062232535,-32.63914208001441,36.9988393369608,0,keypoint,"898,276"
193,1,4.497574371551094,0.5524742229558447,7.483190928897666,0,keypoint,"1165,534"
193,7,-5.649089321126002,184.88878612483055,2337.956460310321,0,keypoint,"937,365"
193,22,3.1764654188084265,-32.26866585972131,42.93869702543905,0,keypoint,"887,275"
194,1,4.448588349927405,0.39532023758849916,6.738372190242724,0,keypoint,"1166,537"
194,7,-4.828317034111457,183.35538642925977,1549.147179898432,0,keypoint,"939,365"
194,22,3.1052731230557424,-31.720836127584107,42.25929147586849,0,keypoint,"887,273"
195,1,4.575103684987397,0.5396037957258637,8.078453901433466,0,keypoint,"1169,534"
195,7,-4.422621654622177,182.5974500548904,1532.7075094588401,0,keypoint,"940,365"
195,22,3.070930800393333,-31.456569534883165,38.16067607208168,0,keypoint,"887,272"
196,1,4.571038165363455,0.48464223584113697,8.429051471681372,0,keypoint,"1170,535"
196,7,-4.020005973362795,181.8452672962349,1516.5398695031581,0,keypoint,"941,365"
196,22,3.004609968913667,-30.94622606357781,37.02727234112794,0,keypoint,"887,270"
196,76,3.669929863900026,-21.967356786462716,0,0,keypoint,"814,210"
197,1,4.648021205839718,0.4719066122339628,8.624758549819667,0,keypoint,"1174,535"
197,7,-3.620435055212644,181.09877288609877,599.6388956568042,0,keypoint,"942,365"
197,22,2.930723986708226,-30.706151177936878,35.20114907967243,0,keypoint,"888,269"
197,76,3.669929863900026,-21.967356786462716,0.0,0,keypoint,"814,210"
198,1,4.540151782129916,0.326433752931723,9.815386575014045,0,keypoint,"1172,538"
198,7,-3.620435055212644,181.09877288609877,586.0327415363229,0,keypoint,"942,365"
198,76,3.669929863900026,-21.967356786462716,0.0,0,keypoint,"814,210"
199,1,4.551364119354365,0.21866977526442666,10.339369399225468,0,keypoint,"1175,540"
199,7,-2.3268655060355967,148.0461976286923,617.555946090806,0,keypoint,"944,367"
199,76,3.669929863900026,-21.967356786462716,0.0,0,keypoint,"814,210"
200,1,4.547555143827848,0.16717642241793776,10.30240874812846,0,keypoint,"1176,541"
200,7,-2.002910908378349,147.53642097774403,388.6039341652472,0,keypoint,"945,367"
200,76,3.6943577578462876,-21.96576333968409,0.5507957147287877,0,keypoint,"813,210"
201,1,4.566201146055349,0.16415344256723702,9.890752909102885,0,keypoint,"1177,541"
201,7,-1.5381796152030633,135.04369000512585,513.6176543439019,0,keypoint,"946,368"
201,76,3.669929863900026,-21.967356786462716,0.8812731435660603,0,keypoint,"814,210"
202,1,4.584839988863924,0.16113162343607437,8.685023117423892,0,keypoint,"1178,541"
202,7,-1.5381796152030633,135.04369000512585,504.82047961423814,0,keypoint,"946,368"
202,22,2.5045012057315668,-29.59164238208035,34.62809542105057,0,keypoint,"895,264"
203,1,4.599408965726871,0.10724083040532804,7.597160075072265,0,keypoint,"1180,542"
203,7,-0.9497306987749575,134.18477386463567,497.839580475565,0,keypoint,"948,368"
203,22,2.6633501569455373,-28.922736396067634,41.037385351821335,0,keypoint,"889,261"
204,1,4.595389081845582,0.056906940262377616,6.183146854574813,0,keypoint,"1181,543"
204,7,-0.86964162126505,124.02197595665106,590.873876955923,0,keypoint,"948,369"
204,22,2.688148682583795,-28.511034166913024,39.79228860580259,0,keypoint,"887,259"
205,1,4.605714166728422,-0.04510455044372477,6.657356525569586,0,keypoint,"1184,545"
205,7,-0.2957398603915137,114.56046268796509,677.1313257077869,0,keypoint,"950,370"
205,22,3.168586806049324,-28.649281874538378,40.1726891132445,0,keypoint,"875,260"
206,1,4.637994867395559,-0.0996413511627251,6.510806038996903,0,keypoint,"1187,546"
206,7,-0.04539114300681576,114.24089318562343,672.7238131723406,0,keypoint,"951,370"
206,22,3.168586806049324,-28.649281874538378,34.232831424766246,0,keypoint,"875,260"
207,1,4.647710124528221,-0.19839018581690354,5.692035605589107,0,keypoint,"1190,548"
207,7,0.6666195647514266,105.7917192389387,757.5150271212509,0,keypoint,"954,371"
207,22,2.7139571852358535,-28.709632413328034,33.29464732034558,0,keypoint,"887,260"
208,1,4.643569741131149,-0.24558483235722536,5.082337736298206,0,keypoint,"1191,549"
208,7,0.6385662755303235,99.15721686313405,493.0818578803658,0,keypoint,"954,372"
208,22,2.7520032429887045,-28.704581928319822,31.013558434131987,0,keypoint,"886,260"
209,1,4.6623938144308825,-0.43510019462150273,6.470476786509678,0,keypoint,"1197,553"
209,7,0.6385662755303235,99.15721686313405,487.04183457581377,0,keypoint,"954,372"
209,22,3.281592129003664,-28.634280801545838,31.209557344507175,0,keypoint,"872,260"
210,1,4.654216611044586,-0.5243070658441656,7.177390872580146,0,keypoint,"1199,555"
210,7,0.613573171613962,93.24643734616933,421.1364379678823,0,keypoint,"954,373"
210,22,2.8659660542982475,-28.689453751998602,32.89040469485528,0,keypoint,"883,260"
211,1,4.671521220401128,-0.5269922958390066,7.163685866924137,0,keypoint,"1200,555"
211,7,1.0238994343293142,92.80450104415536,427.1669880001076,0,keypoint,"956,373"
211,22,2.9137302279942996,-28.481549482196268,32.63715067212084,0,keypoint,"881,259"
212,1,4.697590699788747,-0.6196918564053501,7.568387255944689,0,keypoint,"1204,557"
212,7,1.1739505568457198,87.35010286942688,471.32002986751206,0,keypoint,"957,374"
212,22,2.8862297172495737,-28.287692180542148,27.720045616945683,0,keypoint,"881,258"
212,86,3.5415206266853128,-21.240967028632063,0,0,keypoint,"811,201"
213,1,4.689234895814701,-0.7053284911768688,7.923878864757015,0,keypoint,"1206,559"
213,7,1.1253546371942293,82.62737507028675,416.9186732179706,0,keypoint,"957,375"
213,22,2.8862297172495737,-28.287692180542148,23.5955614993292,0,keypoint,"881,258"
213,86,3.5645791865058456,-21.23963559335998,2.0787270617218527,0,keypoint,"810,201"
214,1,4.731398343004801,-0.7969975747606665,7.907560292490915,0,keypoint,"1211,561"
214,7,1.2084230923660821,74.29465177107546,405.46101954233984,0,keypoint,"958,377"
214,22,2.9512272074852257,-28.47664843137622,20.594457028876832,0,keypoint,"880,259"
214,86,3.6091803549938746,-21.314371616960567,4.95584707411793,0,keypoint,"809,202"
214,87,4.855656259554753,-0.8994040738042557,0,0,keypoint,"1221,563"
215,1,4.792280659341969,-1.0121006749937111,9.509348208520619,0,keypoint,"1221,566"
215,7,1.4304670092144363,67.22038218885335,472.1790077258799,0,keypoint,"960,379"
215,22,2.941795463404657,-28.679387655364856,22.624041980040886,0,keypoint,"881,260"
215,87,4.822855302660927,-1.1744193001210705,24.92679577446408,0,keypoint,"1228,570"
216,1,4.804104045480829,-1.0538738394645866,8.95123391620564,0,keypoint,"1223,567"
216,7,1.4773188183614268,61.356268983432784,446.0307974329969,0,keypoint,"961,381"
216,22,2.9796665291140134,-28.674360399956356,18.41989689528774,0,keypoint,"880,260"
216,87,4.758630008379371,-1.164867038746116,15.385327318092585,0,keypoint,"1224,570"
217,1,4.73841027085406,-1.2004120401343081,10.083373763390458,0,keypoint,"1224,571"
217,7,1.4303198430022044,58.79903623319266,405.2618266471589,0,keypoint,"961,382"
217,22,3.0469187236790636,-28.87101925305043,20.11450110635724,0,keypoint,"879,261"
217,87,4.813867952343241,-1.2497725341626413,13.29566033024716,0,keypoint,"1230,572"
218,1,4.7302231188207635,-1.2752488013931353,8.931727022637936,0,keypoint,"1226,573"
218,7,1.6480572084791842,56.23291999928343,431.0151994092988,0,keypoint,"963,383"
218,22,3.085112153322872,-28.86586957386783,15.157545192834805,0,keypoint,"878,261"
218,87,4.816376011069828,-1.3625641625685865,12.510184218736656,0,keypoint,"1234,575"
219,1,4.7693025523589,-1.355654831256109,8.929916729007259,0,keypoint,"1231,575"
219,7,1.8500600820224968,53.85224063375418,395.799216457227,0,keypoint,"965,384"
219,22,3.055321550140585,-28.664317452748197,13.002242662141162,0,keypoint,"878,260"
219,87,5.020454263263803,-1.165009375860438,15.120775649510298,0,keypoint,"1239,569"
220,1,4.827604023188054,-1.4010039782890922,9.493420420098612,0,keypoint,"1236,576"
220,7,1.9170104271066712,51.71921759727265,411.10940123631434,0,keypoint,"966,385"
220,22,3.0931055722221585,-28.659301752085785,11.250193228552767,0,keypoint,"877,260"
221,1,4.906819189860623,-1.5209188480398665,9.967636745791372,0,keypoint,"1245,579"
221,7,1.979595449445717,49.72527276815905,376.4940515967968,0,keypoint,"967,386"
221,22,3.0931055722221585,-28.659301752085785,9.292211321183926,0,keypoint,"877,260"
222,7,2.0932727676374183,46.103538808109406,365.4994489257038,0,keypoint,"969,388"
222,22,3.130860646440258,-28.654289894153994,9.673074071941025,0,keypoint,"876,260"
223,7,2.145047656698364,44.45400241006038,298.67156292454445,0,keypoint,"970,389"
223,22,3.168586806049324,-28.649281874538378,8.055417463743803,0,keypoint,"875,260"
223,1,4.980011805269414,-2.1550509256418118,12.298914115292533,0,keypoint,"1275,598"
224,7,2.2398893626251164,41.4323668485601,258.1252648094571,0,keypoint,"972,391"
224,22,3.206284084252884,-28.644277688831295,6.406112233120769,0,keypoint,"874,260"
224,1,4.984989639304152,-2.3039507922261757,12.779736328764564,0,keypoint,"1282,603"
225,7,2.134290661313185,38.83563816626053,225.47101051771452,0,keypoint,"972,393"
225,22,3.2439525142036696,-28.639277332631853,6.404068099609975,0,keypoint,"873,260"
225,1,4.98064162724487,-2.4176957767673195,11.682485645021485,0,keypoint,"1287,607"
226,7,2.178393312339349,37.58496305964955,212.4088890722807,0,keypoint,"973,394"
226,22,3.656410690076325,-28.58452490999478,8.486429824301894,0,keypoint,"862,260"
226,1,4.998825735748346,-2.475982198000558,11.858914932122707,0,keypoint,"1291,609"
227,7,2.3106595557828498,36.35020316792831,199.07375430656398,0,keypoint,"975,395"
227,1,4.882287409232027,-2.515193574117238,11.482597703939835,0,keypoint,"1285,611"
228,7,2.400886267284544,36.30304143568675,176.19950447249116,0,keypoint,"976,395"
228,1,4.875694827180097,-2.6481443602933523,12.060906411705648,0,keypoint,"1291,616"
229,7,2.6705856963250008,36.16206885620982,157.90197603257565,0,keypoint,"979,395"
229,1,4.8770811978454836,-2.7262016733099568,11.947604227539546,0,keypoint,"1295,619"
230,7,2.69918030502258,35.04381183679565,149.13893372674505,0,keypoint,"980,396"
230,1,5.007245287346494,-2.8938398986099303,13.33137041916804,0,keypoint,"1313,625"
231,7,2.7865349587331596,34.99912532643446,113.88496770555697,0,keypoint,"981,396"
231,1,4.990453570526533,-3.058855016983112,13.552871633164957,0,keypoint,"1321,632"
232,7,2.8116484171686533,33.93638275936343,108.0118728057367,0,keypoint,"982,397"
232,1,4.920108663658593,-3.3813390232483687,13.661832830832735,0,keypoint,"1335,647"
233,7,2.8355888388608874,32.92328035169212,87.9144889544911,0,keypoint,"983,398"
233,1,4.8800660510729985,-3.53966143095128,13.805079049748743,0,keypoint,"1342,655"
234,7,2.858436536053582,31.95641947792625,71.5970474980663,0,keypoint,"984,399"
234,1,4.939794579810997,-3.7763085095958155,15.107481512019113,0,keypoint,"1363,667"
235,7,3.020655599286797,31.878371591102812,60.88270333849943,0,keypoint,"986,399"
235,1,4.884535272457943,-3.94764300299776,16.297163325205947,0,keypoint,"1371,677"
236,7,3.1179293457621267,30.920555430930765,58.09189479359681,0,keypoint,"988,400"
236,1,5.0055761862457135,-4.047038960392922,16.633801808213335,0,keypoint,"1389,682"
237,7,3.210817778808783,30.00591971997147,66.26720786589253,0,keypoint,"990,401"
237,1,4.981384540722551,-4.1587083650700745,16.445257981998267,0,keypoint,"1396,689"
238,7,3.299610910530118,29.131608823592718,72.01208299029115,0,keypoint,"992,402"
238,1,4.9517142819598625,-4.295667222601079,17.065920118913116,0,keypoint,"1405,698"
239,7,3.249168435164332,27.588836003376777,76.26182980481468,0,keypoint,"993,404"
239,1,4.969503937157429,-4.48806923132756,16.875759961308795,0,keypoint,"1424,711"
240,7,3.2609285250544153,26.84764603480196,82.69345294496173,0,keypoint,"994,405"
240,1,4.985843058961148,-4.586767851088891,16.21750640206131,0,keypoint,"1435,718"
241,7,3.2722270909675393,26.135544019225016,79.1849768754318,0,keypoint,"995,406"
241,1,5.136186140272418,-4.748469142592507,15.124782786276784,0,keypoint,"1466,729"
241,22,3.222306573472951,-26.165371649751854,9.739568467384201,0,keypoint,"862,246"
242,7,3.2935442218550968,24.792013168667268,82.48812407709441,0,keypoint,"997,408"
242,1,5.257313973572604,-4.7235167505374385,14.728418400173332,0,keypoint,"1475,726"
242,22,3.1954113603210694,-26.015491378884132,9.224892591154578,0,keypoint,"862,245"
243,7,3.2378932682596084,24.1841444162039,78.92092502194572,0,keypoint,"997,409"
243,1,5.218942971289781,-4.941619377212089,14.502257647620148,0,keypoint,"1496,744"
243,22,3.516809662198095,-26.13368790396399,12.268168972054276,0,keypoint,"853,246"
244,7,3.2487958123021756,23.571926874063752,83.2438906780734,0,keypoint,"998,410"
244,1,5.101241754938324,-5.29760487338819,16.451394844476194,0,keypoint,"1529,778"
244,22,3.2604473192914765,-26.00859548187501,15.120707576957964,0,keypoint,"860,245"
245,7,3.313309943754514,23.5462612288071,74.3107809298228,0,keypoint,"999,410"
245,1,5.047929524524502,-5.445880976112376,16.460864795820306,0,keypoint,"1544,794"
245,22,3.2389027673461683,-25.713666789196193,17.696990434448107,0,keypoint,"859,243"
246,7,3.3859360133810044,22.931981316871916,71.3029599573379,0,keypoint,"1001,411"
246,1,5.129002537333851,-5.746720229797862,18.433986903477447,0,keypoint,"1601,828"
246,22,3.2125849709657524,-25.57168687073798,18.760404257181577,0,keypoint,"859,242"
246,99,3.5908337797486007,-21.086446919073662,0,0,keypoint,"807,199"
247,7,3.3404009381372055,21.83882757286945,73.45589555824773,0,keypoint,"1002,413"
247,1,5.111610239820363,-5.83836323152581,17.96541638246784,0,keypoint,"1615,840"
247,22,3.244237373016971,-25.56847281706882,18.698276182338056,0,keypoint,"858,242"
247,99,3.6135734258760475,-21.085169070009577,2.04979698367421,0,keypoint,"806,199"
248,7,3.5338453363454834,20.730003043370832,69.27564431634136,0,keypoint,"1007,415"
248,1,5.098241597007522,-5.9758469359575175,17.41451101771509,0,keypoint,"1639,859"
248,22,3.3027190651668112,-25.707092943676294,19.822802274436878,0,keypoint,"857,243"
248,99,3.8177566469675814,-21.07369504193938,10.227639562753234,0,keypoint,"797,199"
249,7,3.4866165612799573,19.77832008851572,71.39135308816688,0,keypoint,"1008,417"
249,1,5.075943946043681,-6.0560672429959865,17.246707214688108,0,keypoint,"1652,871"
249,22,3.3027190651668112,-25.707092943676294,15.66203822646652,0,keypoint,"857,243"
249,99,3.8177566469675814,-21.07369504193938,6.818426375168823,0,keypoint,"797,199"
250,7,3.497551659767177,18.865655456610543,73.39673803576619,0,keypoint,"1010,419"
250,1,5.061885365326818,-6.094485246861302,15.447854018983596,0,keypoint,"1658,877"
250,22,3.5254258204264195,-25.684151471743387,16.262361834870536,0,keypoint,"850,243"
250,99,3.8177566469675814,-21.07369504193938,5.113819781376617,0,keypoint,"797,199"
251,7,3.5571187467174195,18.41154211572232,64.5397730391915,0,keypoint,"1012,420"
251,1,5.104854265426815,-6.194280516966143,15.297669291636854,0,keypoint,"1685,892"
251,22,3.52819565525356,-25.539639076190873,16.185008681200053,0,keypoint,"849,242"
251,99,3.6375837992103492,-21.00947039724786,7.534049792235672,0,keypoint,"804,198"
252,7,3.6148187297777725,17.97166275585686,62.87213958121455,0,keypoint,"1014,421"
252,1,5.126606101911293,-6.239184369596959,13.582095737024154,0,keypoint,"1698,899"
252,22,3.254625975895164,-25.28572229906982,16.493057928873384,0,keypoint,"856,240"
252,99,3.6375837992103492,-21.00947039724786,6.27837482686306,0,keypoint,"804,198"
253,7,3.5694416555389843,17.18395311345875,64.63914909468758,0,keypoint,"1015,423"
253,1,5.091448708209396,-6.357839864592124,11.070250488238678,0,keypoint,"1721,920"
253,22,3.285700292235728,-25.282655905939844,13.952771770375005,0,keypoint,"855,240"
253,99,3.817877691058556,-20.999475587041715,7.703087635577979,0,keypoint,"796,198"
254,7,3.6244520520930417,16.781573490823654,68.0060546306895,0,keypoint,"1017,424"
254,1,5.209896831615627,-6.497829417471069,11.328327784049677,0,keypoint,"1774,944"
254,22,3.5620882937743517,-25.394555412108478,13.977434789040265,0,keypoint,"847,241"
254,99,3.6388487924348456,-20.935994462480494,8.877145021349731,0,keypoint,"803,197"
255,7,3.680070783249049,16.027954512036583,69.37715758364637,0,keypoint,"1020,426"
255,1,5.106433894603907,-6.658197758633308,10.121078302032071,0,keypoint,"1804,979"
255,22,3.3121590544723905,-25.419572872432248,15.045232093687467,0,keypoint,"855,241"
255,99,3.8403911838886615,-21.07242309946242,10.324560323675236,0,keypoint,"796,199"
256,7,3.6387743411769007,15.012214807330704,68.60192891599922,0,keypoint,"1022,429"
256,1,5.207918741655248,-6.553184637987543,10.648664705932052,0,keypoint,"1789,955"
256,22,3.249477615256358,-25.425847170001457,15.357027241948016,0,keypoint,"857,241"
256,99,3.8404148690229247,-21.147576272085722,10.848336866822832,0,keypoint,"797,200"
257,7,3.5547895303370196,14.0884712240533,66.62174369308308,0,keypoint,"1023,432"
257,1,5.248222112986991,-6.506569576436091,9.883567699938313,0,keypoint,"1782,945"
257,22,3.307481151077466,-25.562050906447393,15.332913333805505,0,keypoint,"856,242"
258,7,3.4326941781825138,13.245364089885673,65.61222173299306,0,keypoint,"1023,435"
258,1,5.540123771977956,-6.167332420133576,13.526311870780765,0,keypoint,"1737,881"
258,22,3.339072566293681,-25.558843045513953,15.650451975096859,0,keypoint,"855,242"
259,7,3.5687064634986156,12.926936858724723,59.94750959491081,0,keypoint,"1027,436"
259,1,5.331677119946519,-6.579539824255622,17.736361338617442,0,keypoint,"1815,958"
259,22,3.3706436917298754,-25.555637244848867,13.728934067937137,0,keypoint,"854,242"
260,7,3.4899649083451245,12.41242731449515,60.57247556614842,0,keypoint,"1027,438"
260,1,5.472650969974296,-6.664336385255702,18.294950241029525,0,keypoint,"1862,973"
260,22,3.402194546926619,-25.552433502467924,12.600675648373906,0,keypoint,"853,242"
261,7,3.536202851757914,12.140237156908407,58.896895484499154,0,keypoint,"1029,439"
261,1,5.626748901939863,-6.537067522205315,19.79458941399216,0,keypoint,"1846,944"
261,22,3.433725151399402,-25.549231816389483,9.18512265785598,0,keypoint,"852,242"
262,7,3.5465659515856083,11.395988304316335,58.44994983097115,0,keypoint,"1032,442"
262,1,5.650643968256691,-6.508281550162067,18.93115785021761,0,keypoint,"1841,938"
262,22,3.433725151399402,-25.549231816389483,8.872870211450671,0,keypoint,"852,242"
263,7,3.632459100459153,10.906253306138886,59.36082677752842,0,keypoint,"1036,444"
263,1,5.55064031188283,-6.321720579621825,19.214126671542598,0,keypoint,"1776,906"
263,22,3.433725151399402,-25.549231816389483,5.891061584538168,0,keypoint,"852,242"
264,7,3.7157738522805057,10.223018606961311,58.68709816822991,0,keypoint,"1041,447"
264,1,5.7710955761610245,-6.455712663003972,19.885470478801125,0,keypoint,"1843,926"
264,22,3.7463164230877277,-25.80790245649601,7.436665286193151,0,keypoint,"844,244"
265,7,3.719587684157417,9.602930468916604,54.7223084027524,0,keypoint,"1044,450"
265,22,3.8098033441770984,-25.950346128303128,8.366230877158744,0,keypoint,"843,245"
266,7,3.7574964751966804,9.395474891023532,47.55567967596053,0,keypoint,"1046,451"
266,22,3.5226058026172176,-25.831282096686884,9.994827758499063,0,keypoint,"851,244"
267,7,3.6530775147610197,8.852278955797155,44.568071884061524,0,keypoint,"1046,454"
267,22,3.5254258204264195,-25.684151471743387,11.148865594891015,0,keypoint,"850,243"
268,7,3.619612822725867,8.678192902735024,42.87821609970317,0,keypoint,"1046,455"
268,22,3.747126241812734,-25.66131366429198,13.060266910780635,0,keypoint,"843,243"
269,7,3.623868521290553,8.323004006304451,41.225359488291105,0,keypoint,"1048,457"
269,22,3.4685138436452254,-25.403922043639717,16.536225919944272,0,keypoint,"850,241"
270,7,3.697158178637028,7.799544459677749,43.75011712284285,0,keypoint,"1053,460"
270,22,3.4717348079408343,-25.264298142099005,17.61590899895924,0,keypoint,"849,240"
271,7,3.732707251848679,7.469829544650652,39.62316499828188,0,keypoint,"1056,462"
271,22,3.502672169674515,-25.261245263559694,17.926785247395234,0,keypoint,"848,240"
272,7,3.8315480171785836,6.987035081319738,39.579145509749715,0,keypoint,"1062,465"
272,22,3.502672169674515,-25.261245263559694,17.926785247395237,0,keypoint,"848,240"
273,7,3.8632680451248245,6.8320964401828554,34.27771105075269,0,keypoint,"1064,466"
273,22,3.502672169674515,-25.261245263559694,13.869399350184507,0,keypoint,"848,240"
274,7,3.862799460099968,6.544778613776282,30.949894472298254,0,keypoint,"1066,468"
274,22,3.7494709310172762,-25.236891323863222,14.789861621967283,0,keypoint,"840,240"
275,7,3.892419566485075,6.125608092559317,33.043144832777095,0,keypoint,"1070,471"
275,22,3.474899909617968,-25.12709580007488,14.637962137113211,0,keypoint,"848,239"
276,7,3.9212408994078816,5.855934052929603,30.223831251962864,0,keypoint,"1073,473"
277,7,3.9191516741042633,5.477754338822523,32.232952633485326,0,keypoint,"1076,476"
278,7,3.948161825605522,5.471504973557655,28.97756510410869,0,keypoint,"1077,476"
279,7,3.974879326811376,5.22370220842294,26.184301276956603,0,keypoint,"1080,478"
280,7,4.0550487818158345,4.858224391801061,26.609716520252555,0,keypoint,"1086,481"
281,7,4.048358868149187,4.420017715114039,26.064211220309147,0,keypoint,"1090,485"
282,7,4.069935694267384,4.103280424302891,27.657402151983728,0,keypoint,"1094,488"
283,7,4.141993700002799,3.7904050347037646,27.994879899467424,0,keypoint,"1100,491"
284,7,4.162921696529187,3.594586979385429,25.762054566012004,0,keypoint,"1103,493"
285,7,4.158285556527965,3.4092942417691576,24.903463823685783,0,keypoint,"1105,495"
286,7,4.176012792214457,3.136333105227085,23.8569706860833,0,keypoint,"1109,498"
287,7,4.164608553695134,2.7135289917136864,27.78979319233052,0,keypoint,"1114,503"
288,7,4.179015802196714,2.390976077971044,28.526149199186584,0,keypoint,"1119,507"
289,7,4.1904261361677415,2.011986337743252,28.576090779403224,0,keypoint,"1125,512"
290,7,4.1401328089351415,1.8061079878218889,26.31283671109751,0,keypoint,"1126,515"
291,7,4.20113081095926,1.6564347887035533,24.754378645637118,0,keypoint,"1131,517"
292,7,4.171344657017686,1.3940383727113128,24.184534862891056,0,keypoint,"1134,521"
293,7,4.180050229249048,1.0143694050489167,26.01289030834549,0,keypoint,"1141,527"
294,7,4.111115762323439,0.7303214152551768,27.08231342740292,0,keypoint,"1143,532"
295,7,4.188168350831485,0.6603204397830005,25.38797227070606,0,keypoint,"1148,533"
296,7,4.252689840203641,0.3200911255670127,24.621325801410173,0,keypoint,"1158,539"
297,7,4.257995851979366,0.01054240090378452,24.488522642220733,0,keypoint,"1165,545"
298,7,4.28304067858133,-0.2361471549620251,23.176484140627224,0,keypoint,"1172,550"
299,7,4.280563547610048,-0.6426532669862117,25.122297405727988,0,keypoint,"1182,559"
