frame,id,world_x,world_y,speed_kmh,contact_x,contact_y,method,num_visible_wheels
1,1,5.960203008748222,2.7080805709182,0,1185,499,keypoint,3
1,2,33.086398206299926,-278.9220864253943,0,891,350,keypoint,3
1,3,6.163450601566195,-34.94167752193654,0,835,285,keypoint,4
1,4,-2.6175652416492867,-60.19417953067884,0,979,317,keypoint,4
1,5,3.0200807229113407,-26.996613756225948,0,872,251,keypoint,4
1,6,2.373770146194865,-31.5688765198718,0,903,272,keypoint,4
2,1,5.945899381208023,2.62623498776576,7.477745332866773,1186,500,keypoint,3
2,2,56.805610945085355,-488.9699555645857,19024.456310265145,893,353,keypoint,3
2,3,6.279949226424837,-35.665641665315434,65.99498227128744,836,287,keypoint,4
2,4,-2.666406589727317,-63.07880446247403,259.6534545173118,978,319,keypoint,4
2,5,3.0200807229113407,-26.996613756225948,0.0,872,251,keypoint,4
2,6,2.400016208490131,-31.83637818538263,24.190753902685913,903,273,keypoint,4
3,1,5.9691235897626616,2.6218180364557275,4.8026952441105495,1187,500,keypoint,3
3,2,75.3605013329212,-668.3968190096261,17629.49516122122,895,354,keypoint,3
3,3,6.365766813476815,-36.037809874649135,50.184536094836275,836,288,keypoint,4
3,4,-2.440286384572109,-58.800191952552765,322.6329825990863,978,316,keypoint,4
3,5,3.054612717087805,-26.99261526678162,1.5643222950436086,871,251,keypoint,4
3,6,2.417631442686657,-31.56181081710012,24.47631030904261,902,272,keypoint,4
4,1,5.954859418557782,2.541116700781433,5.660364490424224,1188,501,keypoint,3
4,2,-1022.2892264882463,9280.078672285259,312018.37868370564,897,357,keypoint,3
4,3,6.352363178789647,-36.44286170988825,45.61456376049381,838,289,keypoint,4
4,4,-1.9730287437540308,-57.35998620412205,260.5118877850547,974,315,keypoint,4
4,5,3.089120539818078,-26.988619576169924,2.0850330716695016,870,251,keypoint,4
4,6,2.417631442686657,-31.56181081710012,16.317540206028408,902,272,keypoint,4
5,1,5.9407848129154495,2.4614878560268614,6.0646940220301815,1189,502,keypoint,3
5,2,-57.40320997272758,554.7659954155371,431530.06487740285,901,360,keypoint,3
5,3,6.533888758729844,-37.243712790174655,52.68716315533348,838,291,keypoint,4
5,4,-1.6752925238642717,-57.23993218060716,202.60707557021433,971,315,keypoint,4
5,5,3.089120539818078,-26.988619576169924,1.5637748037521262,870,251,keypoint,4
5,6,2.5052378706376808,-31.54769812481096,14.234712188612898,900,272,keypoint,4
6,1,5.917862532471488,2.4658076955876607,5.271619235235546,1188,502,keypoint,3
6,2,-33.99514487858593,339.1055977118198,349128.7387864667,903,362,keypoint,3
6,3,6.533888758729844,-37.243712790174655,42.149730524266786,838,291,keypoint,4
6,4,-1.303447607723164,-54.791705158104335,206.65914225085368,968,313,keypoint,4
6,5,3.1236042164722972,-26.98462668145324,1.8758732346663785,869,251,keypoint,4
6,6,2.5052378706376808,-31.54769812481096,11.387769750890318,900,272,keypoint,4
7,1,5.904121779032571,2.3871828869507103,5.590263075134999,1189,503,keypoint,3
7,2,-20.74439123489017,213.09043440818175,292841.26445705583,905,365,keypoint,3
7,3,6.7179342727613145,-38.5638320739832,55.11807998645296,840,294,keypoint,4
7,4,-0.9950922112034452,-53.60896078598334,190.5501451379744,965,312,keypoint,4
7,5,3.1236042164722972,-26.98462668145324,1.5632276955553153,869,251,keypoint,4
7,6,2.564560248533303,-31.273341334898465,13.700262775220184,898,271,keypoint,4
8,1,5.822612764042964,2.3222803168176336,6.131271062583388,1187,504,keypoint,3
8,2,-13.36220353672094,141.03234232401255,251938.1084532028,907,369,keypoint,3
8,3,6.869414117680609,-39.510896539389336,59.57538400094313,841,296,keypoint,4
8,4,-0.9306343477353287,-54.64970071014607,176.73527713433194,964,313,keypoint,4
8,5,3.1514121178223835,-27.152530210143482,3.5280755945902635,869,252,keypoint,4
8,6,2.650865438643931,-31.259668902216923,12.866558418387768,896,271,keypoint,4
9,1,5.7645998524898,2.2539406820500885,6.3733419224843,1186,505,keypoint,3
9,2,-10.754106158622948,112.09721324661378,220772.6847684685,907,372,keypoint,3
9,3,7.031037289179452,-40.52137791791416,63.64087060543591,842,298,keypoint,4
9,4,-0.6527914724885006,-54.54387045046098,157.98817066369867,961,313,keypoint,4
9,5,3.1924992328557384,-26.97664926797493,5.118999800998116,867,251,keypoint,4
9,6,2.693961679507595,-31.25284161348398,11.7491174925856,895,271,keypoint,4
10,1,5.752103673474173,2.1781262442500773,6.433566652760324,1187,506,keypoint,3
10,2,-8.324484494234042,91.8587859881687,196446.22389592312,910,375,keypoint,3
10,3,7.325340929076496,-42.162079794297036,73.23854778495628,843,301,keypoint,4
10,4,-0.5430556047367715,-53.44147150494332,151.51240137594922,960,312,keypoint,4
10,5,3.3199872055105755,-27.306906510986618,8.09032133395791,865,253,keypoint,4
10,6,2.780041697953317,-31.239204852404878,11.315194893935178,893,271,keypoint,4
11,1,5.7968803649845135,2.1698367180553833,6.058081547827841,1189,506,keypoint,3
11,2,-6.291650239892681,73.5998591767184,194516.1128150408,913,379,keypoint,3
11,3,7.455194342612694,-43.3799701440162,78.15370573316783,845,303,keypoint,4
11,4,-0.2737396485945927,-53.34168415316347,125.53410040523528,957,312,keypoint,4
11,5,3.350178364526796,-27.480896840957115,9.856224530794732,865,254,keypoint,4
11,6,2.7671315163841723,-31.505509160811997,11.293503963844367,894,272,keypoint,4
12,1,4.562658615862796,1.872570994857005,18.51683401755209,1143,513,keypoint,2
12,2,-4.984321895733979,58.6066294069951,192862.77688075387,914,384,keypoint,3
12,3,7.802490469643706,-45.34456673442935,94.28493724501648,846,306,keypoint,4
12,4,-0.005839421548514314,-53.242421359450496,85.54525090202449,954,312,keypoint,4
12,5,3.345275888725231,-27.662652679524484,11.326816788683757,866,255,keypoint,4
12,6,2.8106460030691474,-31.498499326316203,8.982940284594104,893,272,keypoint,4
13,1,5.703697983190329,1.884448457576133,29.108323302940505,1191,510,keypoint,3
13,2,-3.9634867758818024,49.855862586401415,92862.41733633347,917,388,keypoint,3
13,3,7.949913218780326,-46.04339550289264,97.37429612323255,846,307,keypoint,4
13,4,0.17217069975058164,-52.17143891365889,81.26092699887857,952,311,keypoint,4
13,5,3.309570056644026,-27.667042675421712,11.339179867598762,867,255,keypoint,4
13,6,2.84197945226808,-31.763971461530993,11.656088982556891,893,273,keypoint,4
14,1,5.713680803340422,1.8094006729522805,29.056780183575718,1193,511,keypoint,3
14,2,-3.372485181877692,46.17227130331392,5114.710625604976,920,390,keypoint,3
14,3,8.455352477236488,-49.18437592409735,120.97650942043707,848,311,keypoint,4
14,4,0.2606562103573431,-53.143678998434396,87.8132178077604,951,312,keypoint,4
14,5,3.345275888725231,-27.662652679524484,11.698926793727242,866,255,keypoint,4
14,6,2.885959389586196,-31.756766239781808,11.21439274104052,892,273,keypoint,4
14,7,4.717559620550433,-26.80006120789923,0,822,251,keypoint,4
15,1,5.615028583483169,1.6128820385500815,31.02242744512506,1193,514,keypoint,3
15,2,-2.793983088167102,40.24230265149146,3005.021333309932,922,394,keypoint,3
15,3,8.558190288018412,-50.0692642338083,129.88494887967747,849,312,keypoint,4
15,4,0.43754507981997287,-53.07813786936113,64.93657931441179,949,312,keypoint,4
15,6,3.1226273841005043,-32.56835519210532,19.668317079245853,889,276,keypoint,4
15,7,4.793376255931142,-26.959553214560025,15.893567420564253,821,252,keypoint,4
16,1,5.582921597731972,1.5489238123314937,30.939910233445858,1193,515,keypoint,3
16,2,-2.327165076880582,35.45715804591287,1786.0007427775336,924,398,keypoint,3
16,3,9.13477292799477,-52.881067637907606,145.25919037723483,849,315,keypoint,4
16,4,0.613817819821042,-53.01282502949951,54.59362012672486,947,312,keypoint,4
16,6,3.168023187450934,-32.560526219912624,17.322006814883174,888,276,keypoint,4
16,7,4.802685934912362,-27.130021188047373,15.629273555242776,822,253,keypoint,4
17,1,5.60413245535895,1.5451428729642065,30.11343798060008,1194,515,keypoint,3
17,2,-1.6921631115448401,31.40068656588192,1102.7069747884952,929,402,keypoint,3
17,3,9.779244020752339,-57.411511724120686,181.4287033193282,852,319,keypoint,4
17,4,0.8461393629039619,-50.97466781849794,64.67983101568541,944,310,keypoint,4
17,6,3.251209775900929,-32.84382895415228,19.400825649102163,887,277,keypoint,4
17,7,4.846458274396369,-27.29968811625214,15.676187255657245,822,254,keypoint,4
18,1,5.593369040948107,1.4782287634077071,29.89475405623147,1195,516,keypoint,3
18,2,-1.210785031059096,27.32510800685448,853.2217297700874,933,407,keypoint,3
18,3,10.20026747754129,-60.027902145951565,197.69594012653874,853,321,keypoint,4
18,4,1.0131902114412095,-50.91600677176272,63.477183991218034,942,310,keypoint,4
18,6,3.2435340272332827,-33.15060581669487,22.0332176053029,888,278,keypoint,4
18,7,4.947662216954699,-27.832998674520514,23.970773591204434,823,257,keypoint,4
19,1,5.635509330197065,1.4707472466252507,29.55437287191649,1197,516,keypoint,3
19,2,-1.1106133745004065,24.69405613586634,675.713875617196,933,411,keypoint,3
19,3,10.669748330645747,-62.945424168747856,210.57759997838983,854,323,keypoint,4
19,4,1.1172588578988207,-51.83062327844598,61.603893447420695,941,311,keypoint,4
19,6,3.235654356795759,-33.46553282634066,24.311938418376357,889,279,keypoint,4
19,7,4.923399165342498,-28.025496189310886,22.66898947116441,825,258,keypoint,4
20,1,5.677612662425955,1.4632722911305986,29.526614683352975,1199,516,keypoint,3
20,2,-0.7667361608518863,22.32131003455184,515.9718307575837,937,415,keypoint,3
20,3,11.196563156204693,-66.21924001307961,231.4889847361026,855,325,keypoint,4
20,4,1.0965081863916326,-50.886749095640525,68.17283310872027,941,310,keypoint,4
20,6,3.251209775900929,-32.84382895415228,27.864752252632073,887,277,keypoint,4
20,7,4.934621563827305,-28.21740844275339,21.774426028136446,826,259,keypoint,4
21,1,5.710046405999558,1.5262631919742093,17.53996275818637,1199,515,keypoint,3
21,2,-0.4778650088916587,20.725883421570636,381.6843277339501,941,418,keypoint,3
21,3,10.99343174221997,-66.33296696864653,213.8664174551733,857,325,keypoint,4
21,4,1.2168922236744415,-49.066007880781164,83.5630146881047,939,308,keypoint,4
21,6,3.251209775900929,-32.84382895415228,27.423997407949077,887,277,keypoint,4
21,7,4.946078175205406,-28.413325929497702,21.18703596757749,827,260,keypoint,4
22,1,5.8157270276175534,1.5074251030264822,7.202415747648983,1204,515,keypoint,3
22,2,-0.21064056184385416,18.8574034729251,312.4581560946462,945,422,keypoint,3
22,3,11.956351450104174,-77.0778962187642,314.6042188183431,865,330,keypoint,3
22,4,1.454816435325781,-48.98667223069774,75.21428964376746,936,308,keypoint,4
22,6,3.2970693201274366,-32.8357812865264,25.216451840439646,886,277,keypoint,4
22,7,4.946078175205406,-28.413325929497702,18.538656471630304,827,260,keypoint,4
23,1,4.378204743328538,1.2932494533156351,20.97922414413523,1145,522,keypoint,2
23,2,0.02541331227082593,17.20687360765228,291.8243920515009,949,426,keypoint,3
23,3,13.782734017109405,-88.50584141148701,398.52003018363826,866,334,keypoint,3
23,4,1.5058945267865718,-48.13867971605676,73.94700006145806,935,307,keypoint,4
23,6,3.2970693201274366,-32.8357812865264,24.770789400137534,886,277,keypoint,4
23,7,4.994504168281295,-28.608423295736998,18.48898134486299,827,261,keypoint,4
24,1,4.354281710537185,1.2333746827905159,19.4250903446445,1145,523,keypoint,2
24,2,0.08544442838161424,15.45684198524666,249.75380232933276,950,431,keypoint,3
24,3,14.232944179858666,-92.08467669993757,425.68200964697445,867,335,keypoint,3
24,4,1.5548279534264287,-47.32629267653346,80.19918747738298,934,306,keypoint,4
24,6,3.3428861388346247,-32.82774111659342,16.782034408407057,885,277,keypoint,4
24,7,5.056918610455817,-29.015970264567812,20.846014910009227,828,263,keypoint,4
25,1,4.375004270392123,1.229794635722808,18.91973818099912,1146,523,keypoint,2
25,2,0.23138213433745766,13.896755221832562,217.34416913699079,953,436,keypoint,3
25,3,14.87409684986263,-95.86570054699065,435.32888942524426,867,336,keypoint,3
25,4,1.70604405215351,-47.27832771925011,79.90576048747204,932,306,keypoint,4
25,6,3.3364183201759294,-33.13401772163847,19.384823803953893,886,278,keypoint,4
25,7,5.108048950208188,-29.223599448831177,21.277116477840007,828,264,keypoint,4
26,1,5.62462588841543,1.4047173010737135,31.32233716809526,1198,517,keypoint,3
26,2,0.27452012983311014,13.061607913555024,184.64805162424148,954,439,keypoint,3
26,3,15.219787875624059,-91.22099811236546,436.14384368873857,860,335,keypoint,4
26,4,1.749790934656724,-46.50148720589176,67.17292174692417,931,305,keypoint,4
26,6,3.3428861388346247,-32.82774111659342,19.49563916974975,885,277,keypoint,4
26,7,5.145872640708143,-29.218252613142276,19.906890037440455,827,264,keypoint,4
27,1,5.729191133726801,1.3862269660806243,31.706469553671766,1203,517,keypoint,3
27,2,0.527014365640263,11.982975772736657,154.68687485294373,960,443,keypoint,3
27,3,15.462083121189488,-95.32167782316758,450.72167065753246,863,336,keypoint,4
27,4,1.749790934656724,-46.50148720589176,65.40241039702872,931,305,keypoint,4
27,6,3.349188863934919,-32.5292823396685,19.412163620809338,884,276,keypoint,4
27,7,5.198466477729534,-29.43014127936355,16.661792518292298,827,265,keypoint,4
28,1,5.750076861880586,1.3825337302546286,31.490574437348098,1204,517,keypoint,3
28,2,0.6805492197987865,11.244663843667972,135.89836453105073,964,446,keypoint,3
28,3,15.462083121189488,-95.32167782316758,421.17112578111255,863,336,keypoint,4
28,4,2.0442960967843065,-42.4191878640904,97.12631553070592,924,299,keypoint,4
28,7,5.070195599652714,-29.228950477327317,17.107611713812176,829,264,keypoint,4
29,1,5.8157270276175534,1.5074251030264822,32.47390714642303,1204,515,keypoint,3
29,2,0.895756546130722,10.328947452437081,121.32966167482677,970,450,keypoint,3
29,3,16.03554925141695,-99.55800409093344,430.7614548090671,864,337,keypoint,4
29,4,2.0442960967843065,-42.4191878640904,87.6852930048634,924,299,keypoint,4
29,7,4.9325810249056765,-28.822775985889855,19.473747649171905,830,262,keypoint,4
30,1,5.8157270276175534,1.5074251030264822,31.7654015846038,1204,515,keypoint,3
30,2,1.0552655945943807,9.499833653762732,113.55916618119498,975,454,keypoint,3
30,3,18.10925597040203,-122.89846673150628,662.7574656199779,873,341,keypoint,3
30,4,2.044219071133879,-41.27314425662482,80.89856250913442,923,297,keypoint,4
30,7,4.921020727424021,-28.618331181705287,19.558939724375072,829,261,keypoint,4
30,8,3.28401538048571,-29.933842889699154,0,877,266,keypoint,4
31,1,5.836835220294816,1.5036624641898408,30.906346002409766,1205,515,keypoint,3
31,2,1.093857031006328,8.763449550828655,102.05819205993619,977,458,keypoint,3
31,3,16.73715138073422,-116.90132759962097,616.3985815965268,875,340,keypoint,3
31,4,2.0752824795012685,-40.72153205657816,83.91539546179143,922,296,keypoint,4
31,7,4.873298019437562,-28.422987248102345,21.56982781805486,829,260,keypoint,4
31,8,3.413939568453825,-29.46308228045144,43.95243282562927,872,264,keypoint,4
32,1,5.836835220294816,1.5036624641898408,16.372449323416305,1205,515,keypoint,3
32,2,1.205186100248388,7.592821414630238,97.14404950516843,982,465,keypoint,3
32,3,18.658650729908643,-130.96714618934087,642.633471957361,876,342,keypoint,3
32,4,2.1943133131442893,-39.659206679673545,86.10983228903193,919,294,keypoint,4
32,7,4.790441163229028,-28.236253573219347,21.602560054218003,830,259,keypoint,4
32,8,3.4230954082237517,-29.02951732307672,41.490989364916906,870,262,keypoint,4
32,11,3.961402641603549,-21.862590423999347,0,801,209,keypoint,4
33,1,5.836835220294816,1.5036624641898408,15.727678073795804,1205,515,keypoint,3
33,2,1.312568170156159,6.698304227680132,88.6428346871675,987,471,keypoint,3
33,3,22.59501140156201,-160.8625784773873,908.0977619865912,878,345,keypoint,3
33,4,2.2803038736504955,-39.14775321350338,83.15755670184036,917,293,keypoint,4
33,7,4.754328870911767,-28.240973638202668,17.843769098971993,831,259,keypoint,4
33,8,3.4275262122726637,-28.81970135677794,33.956541926573806,869,261,keypoint,4
33,11,3.961402641603549,-21.862590423999347,0.0,801,209,keypoint,4
34,1,5.857934116774805,1.4999014824459445,15.731697570920637,1206,515,keypoint,3
34,2,1.4497373478451665,6.009715439212773,79.99503884585614,993,476,keypoint,3
34,3,24.291689547941562,-174.55845473390804,1007.753474938947,879,346,keypoint,3
34,4,2.22135300473227,-39.16173684370338,82.17701425926589,918,293,keypoint,4
34,7,4.718189641583152,-28.245697223993886,16.06991377242203,832,259,keypoint,4
34,8,3.4275262122726637,-28.81970135677794,25.467406444930354,869,261,keypoint,4
34,11,3.9855188644281716,-21.861038477034732,1.0874748291263294,800,209,keypoint,4
35,1,4.447950236389975,1.4114002307692386,17.241233044897903,1146,520,keypoint,2
35,2,1.6341210096213312,5.365099071880511,78.3371140306447,1001,481,keypoint,3
35,3,20.13488872287101,-139.00073757254685,1319.1766218761838,875,343,keypoint,4
35,4,2.1585633407364404,-38.24040449979547,83.63099562408618,918,291,keypoint,4
35,7,4.682023445092512,-28.25042433453384,16.05265453430892,833,259,keypoint,4
36,1,4.469008305287881,1.4077201482431094,16.393130284475095,1147,520,keypoint,2
36,2,1.7032355260221235,4.90045864391742,71.95673163779048,1005,485,keypoint,3
36,3,23.0647875734597,-159.99925206325491,1490.1176245425384,876,345,keypoint,4
36,4,2.259249968765001,-36.51258321873664,100.93852050878166,914,287,keypoint,4
36,7,4.70915959691338,-28.05307011354081,15.861581576296137,831,258,keypoint,4
36,8,3.3299572135409568,-28.230581776282154,25.748225925402597,869,258,keypoint,4
37,1,4.494008041480706,1.4696322018435664,16.848721990738344,1147,519,keypoint,2
37,2,1.6749836373072051,4.380828976691396,69.6196322289604,1006,490,keypoint,3
37,3,28.22484592592562,-212.5923044408933,2018.573427859889,883,348,keypoint,3
37,4,2.1728215240858093,-35.377645130161476,71.39167607223698,914,284,keypoint,4
37,7,4.664873713493745,-27.86884148087318,15.370323723045825,831,257,keypoint,4
37,8,3.3402736121773238,-27.848108560493994,27.19603976646196,867,256,keypoint,4
38,1,4.494008041480706,1.4696322018435664,15.437771982618662,1147,519,keypoint,2
38,2,1.7427220538652004,3.7862992085240403,66.19674442333366,1011,496,keypoint,3
38,3,27.631057255191255,-214.18552539879397,1992.8265389359913,885,348,keypoint,3
38,4,2.119087290291458,-34.67203219428157,78.46823585197829,914,282,keypoint,4
38,7,4.586308500993465,-27.69256710572916,13.011687011781206,832,256,keypoint,4
38,8,3.2794574215567374,-27.48946158328975,27.987892563030893,867,254,keypoint,4
38,11,3.749790138543491,-21.077514403889506,6.86160589023969,800,199,keypoint,4
39,1,4.494008041480706,1.4696322018435664,15.437771982618662,1147,519,keypoint,2
39,2,1.8930871914458771,3.1396839284271665,64.39224682431006,1020,503,keypoint,3
39,3,34.51623514885588,-273.43040218154937,2354.9386948275683,887,350,keypoint,3
39,4,2.14012597616203,-33.66467189062023,77.08359950974919,912,279,keypoint,4
39,7,4.509195047296642,-27.519549997609488,12.858211953385958,833,255,keypoint,4
39,8,3.2903657313631682,-27.136199250018223,28.46550148906741,865,252,keypoint,4
39,11,3.772456131575903,-21.076240693743774,5.6569938544351235,799,199,keypoint,4
40,1,5.981523293328477,1.6887662208053074,30.259058073539418,1207,512,keypoint,3
40,2,1.9710518018757215,2.4876132997036042,63.585450440961644,1027,511,keypoint,3
40,3,58.04493975360482,-475.88780076944386,4331.617825029066,890,353,keypoint,3
40,4,2.263299501357303,-33.967371509622886,74.8267461422971,910,280,keypoint,4
40,7,4.522858345256592,-27.88684160916882,14.52278047940654,835,257,keypoint,4
40,8,3.1986898447670455,-26.808157051535783,28.708782377210113,866,250,keypoint,4
40,11,3.75034526410787,-21.003219328902368,5.898914893152169,799,198,keypoint,4
41,1,4.472832641819453,1.4733472347247383,45.49898202845043,1146,519,keypoint,2
41,2,2.0301167897182366,1.9706941125185236,57.02917745428202,1033,518,keypoint,3
41,3,76.3488292244924,-643.8567728297902,5879.286579004846,892,354,keypoint,3
41,4,2.2844021433864636,-33.63844617027668,67.43303065671086,909,279,keypoint,4
41,7,4.522858345256592,-27.88684160916882,12.479872650940685,835,257,keypoint,4
41,8,3.1986898447670455,-26.808157051535783,23.825178729917972,866,250,keypoint,4
41,11,3.772866429776072,-21.001970840813467,5.2540985836517615,798,198,keypoint,4
42,1,4.469008305287881,1.4077201482431094,46.15636624106691,1147,520,keypoint,2
42,2,2.062332407537746,1.251938854097083,55.21455158338704,1040,529,keypoint,3
42,3,-2399.1235848803217,20667.305407114494,220122.29203196944,894,357,keypoint,3
42,4,2.380354060838483,-33.621004563655625,63.22195441911751,907,279,keypoint,4
42,7,4.487289495551582,-27.891349880815504,12.474212285463372,836,257,keypoint,4
42,8,3.164587546261656,-26.812047672191124,19.831797669866226,867,250,keypoint,4
42,11,3.772866429776072,-21.001970840813467,4.5035130717015095,798,198,keypoint,4
43,1,4.469008305287881,1.4077201482431094,45.94205142208529,1147,520,keypoint,2
43,2,2.1206868402905914,0.6680425112858415,54.0614206426612,1048,539,keypoint,3
43,3,-64.826625139127,581.3849138357228,422195.35040678404,897,360,keypoint,3
43,4,2.380354060838483,-33.621004563655625,62.616087531114516,907,279,keypoint,4
43,7,4.529900340388891,-28.076141860712266,14.006157424623586,836,258,keypoint,4
43,8,3.2047626133302196,-26.642872221895406,19.471973515157472,865,249,keypoint,4
43,11,3.772866429776072,-21.001970840813467,3.940573937738821,798,198,keypoint,4
44,1,4.494008041480706,1.4696322018435664,32.48215412033724,1147,519,keypoint,2
44,2,1.0602192406868018,-0.01282979945593632,59.959034682920624,999,556,keypoint,2
44,3,-46.72353792796507,432.91336770905116,423333.0630309548,899,361,keypoint,3
44,7,4.544427063877968,-28.46664375100415,17.549139201655304,838,260,keypoint,4
44,8,3.216567828451945,-26.32156523481592,22.687211345399064,863,247,keypoint,4
44,11,3.7285049328104,-20.931091412517578,4.338904367140824,799,197,keypoint,4
45,1,5.946949520529833,1.6237928690205463,46.879352013869344,1207,513,keypoint,3
45,2,1.1382339693544627,-0.3357607561064507,58.58371688600741,1005,563,keypoint,2
45,3,-33.99514487858593,339.1055977118198,424067.7173459724,903,362,keypoint,3
45,7,4.5007868967797355,-28.2741128968071,17.53117604460422,838,259,keypoint,4
45,8,3.249685928693129,-26.317949922822606,20.034637167765247,862,247,keypoint,4
45,11,3.706930202681229,-20.859840646694188,5.083359913870518,799,196,keypoint,4
45,18,3.2882830693654896,-24.369664507213205,0,849,233,keypoint,4
46,1,5.92562361540174,1.6276254584651817,46.42833833278682,1206,513,keypoint,3
46,2,1.2841258280077505,-0.8822470651566233,59.03599641260218,1017,576,keypoint,2
46,3,-20.74439123489017,213.09043440818175,424806.36074376636,905,365,keypoint,3
46,7,4.45801087631679,-28.085394468201105,17.571465227632302,838,258,keypoint,4
46,8,3.249685928693129,-26.317949922822606,16.208513948680938,862,247,keypoint,4
46,11,3.729187415452713,-20.858639919609818,5.0645946159013135,798,196,keypoint,4
46,18,3.317551184707955,-24.367047932752666,2.6446359304486498,848,233,keypoint,4
47,1,5.92562361540174,1.6276254584651817,46.42833833278682,1206,513,keypoint,3
47,2,1.291595888435167,-1.315461010296235,57.38501734589816,1021,588,keypoint,2
47,3,-16.339816886543314,170.09705128633826,425221.5421203792,906,367,keypoint,3
47,7,4.464458261626153,-28.27886123892766,17.5773067465678,839,259,keypoint,4
47,8,3.1834274284330997,-26.325182981147343,13.237367510650154,864,247,keypoint,4
47,11,3.729187415452713,-20.858639919609818,3.019053725627268,798,196,keypoint,4
47,18,3.2971961214152095,-24.127074611963796,12.159895400540833,847,231,keypoint,4
48,1,5.891578309668589,1.5633850385886185,47.15538127432335,1206,514,keypoint,3
48,2,1.3503390385083707,-1.8647225284648128,56.2702738529373,1030,605,keypoint,2
48,3,-10.754106158622948,112.09721324661378,425207.78779558744,907,372,keypoint,3
48,7,4.45801087631679,-28.085394468201105,17.618809718209693,838,258,keypoint,4
48,8,3.244153094726823,-26.477000627549028,11.338181325035517,863,248,keypoint,4
48,11,3.7508933451822837,-20.929867051263685,3.5366469467640456,798,197,keypoint,4
48,18,3.3508131484190398,-24.24225926691387,11.9181663333805,846,232,keypoint,4
49,1,5.891578309668589,1.5633850385886185,32.119685937073186,1206,514,keypoint,3
49,2,1.4060840125607337,-2.31809323775125,54.27097352511228,1039,621,keypoint,2
49,3,-8.324484494234042,91.8587859881687,423373.4250887756,910,375,keypoint,3
49,7,4.551921168761074,-28.668097445988927,19.845572201099174,839,261,keypoint,4
49,8,3.238514974861447,-26.63907795417425,9.55382056309488,864,249,keypoint,4
49,11,3.817877691058556,-20.999475587041715,3.7397272543777706,796,198,keypoint,4
49,18,3.4087817428710077,-24.237148699379755,10.24797703099306,844,232,keypoint,4
50,1,4.444296669447248,1.3465215775494246,31.51415266594424,1147,521,keypoint,2
50,2,1.455740011584115,-2.6490612008092365,52.41486866627355,1047,634,keypoint,2
50,3,-6.019738409832098,70.1205772639692,421902.3922086974,913,380,keypoint,3
50,7,4.58895783060385,-28.663103735597822,20.21929020493715,838,261,keypoint,4
50,8,3.339633339669442,-26.62771074517905,10.57137336967463,861,249,keypoint,4
50,11,3.8403678009575684,-20.998228820566982,3.7394162198531102,795,198,keypoint,4
50,18,3.466682009187265,-24.232044155720395,9.244628772733353,842,232,keypoint,4
50,22,9.573691335957248,-3.4460252140713745,0,1684,623,keypoint,3
51,1,4.444296669447248,1.3465215775494246,30.856768453327756,1147,521,keypoint,2
51,2,1.5581380346622131,-3.043141161284718,49.29176264594527,1061,651,keypoint,2
51,3,-4.984321895733979,58.6066294069951,207473.4561481835,914,384,keypoint,3
51,7,4.605227508357873,-29.078817563061165,24.021076790875952,840,263,keypoint,4
51,8,3.4028087176752377,-26.784869791207722,11.921953265159335,860,250,keypoint,4
51,22,9.423600978049514,-3.205240104117123,25.535996870529218,1647,614,keypoint,3
52,1,4.444296669447248,1.3465215775494246,30.856768453327756,1147,521,keypoint,2
52,2,1.5977203270770548,-3.4063144933955996,47.07695206954375,1071,669,keypoint,2
52,3,-4.353419038516225,51.92736531773634,5329.482014432212,915,387,keypoint,3
52,7,4.6136291495339234,-29.293491661901843,24.27304986783267,841,264,keypoint,4
52,8,3.436746271413586,-26.780997965748647,10.524726986983431,859,250,keypoint,4
52,22,9.821252233687076,-3.129589854053484,30.98324479444852,1666,609,keypoint,4
53,1,4.444296669447248,1.3465215775494246,30.18907921492889,1147,521,keypoint,2
53,2,1.7262235221631526,-3.7241259981558907,37.902734639219766,1089,686,keypoint,2
53,3,-3.372485181877692,46.17227130331392,3892.151690251203,920,390,keypoint,3
53,7,4.622216523058194,-29.512911491206417,22.561207977049133,842,265,keypoint,4
53,22,10.292183709909901,-3.656072295427636,41.846631344347365,1761,628,keypoint,2
54,1,4.444296669447248,1.3465215775494246,15.578109182634948,1147,521,keypoint,2
54,2,1.7771685983148646,-4.077876230241415,38.154524172800066,1103,708,keypoint,2
54,3,-2.8740708871032052,41.57396452638487,2991.7304525299664,922,393,keypoint,3
54,7,4.7290120273381175,-30.18923306806596,27.434075291520262,843,268,keypoint,4
54,22,9.891200621218015,-3.8020342951190087,40.986236369348745,1751,637,keypoint,2
55,1,4.419868182329112,1.2860242270105744,16.013866028338356,1147,522,keypoint,2
55,2,1.864682805861903,-4.354936176252998,35.40380182241975,1120,727,keypoint,2
55,3,-2.3880075538996515,36.541049586549796,1775.1945685127005,924,397,keypoint,3
55,7,5.185312086791029,-32.50442277785873,49.09629231529425,844,277,keypoint,4
55,22,9.234477828740928,-2.3806285471334117,60.97309874980707,1558,586,keypoint,4
56,1,5.845657391777133,1.4334379097048575,30.347761743125393,1207,516,keypoint,3
56,2,1.896164106588878,-4.728563716720087,34.82053316031535,1137,757,keypoint,2
56,3,-1.6526588498645634,30.543850601659422,1403.4315664895175,929,403,keypoint,3
56,7,5.168419020025496,-32.21553742817907,50.05433912996504,843,276,keypoint,4
56,22,9.08076610652672,-2.0236569514062497,56.64080439590186,1521,576,keypoint,4
57,1,5.738584800463635,1.317515953008508,31.198769493261906,1205,518,keypoint,3
57,2,2.0254101204235018,-5.19481765663827,34.13495452714094,1173,801,keypoint,2
57,3,-1.3601817947195363,27.38741680353686,852.4492708843622,931,407,keypoint,3
57,7,5.1089058792766995,-31.94109542204306,50.9268037508032,843,275,keypoint,4
57,22,9.089304450024684,-1.7342914986829323,52.27129314908767,1501,568,keypoint,4
58,1,5.69548883875903,1.1933819009067423,32.51279098496015,1206,520,keypoint,3
58,2,2.1315716523525423,-5.561117326353721,33.38083953795569,1208,843,keypoint,2
58,3,-1.1106133745004065,24.69405613586634,675.6608211682255,933,411,keypoint,3
58,7,5.151943939409853,-31.933799985788717,45.461104752007685,842,275,keypoint,4
58,22,8.946334626457286,-1.2329285366032274,51.602562183334555,1461,556,keypoint,4
59,1,5.69548883875903,1.1933819009067423,17.87840030117808,1206,520,keypoint,3
59,2,2.1906621249944473,-5.846085930631584,32.944422742781704,1237,882,keypoint,2
59,3,-0.814235835046455,21.82481884356922,485.90540807247635,936,416,keypoint,3
59,7,5.124849039895852,-32.2230515184186,47.99256458624452,844,276,keypoint,4
59,22,9.2191287600254,-0.7358738541744675,51.53886476764215,1447,544,keypoint,4
60,1,5.706588764343585,1.2568958507675918,18.5231661637134,1205,519,keypoint,3
60,2,2.2407938276177357,-6.0507655960297395,30.98005578798016,1262,914,keypoint,2
60,3,-0.3987402962977549,19.78214571000556,391.14633023269886,942,420,keypoint,3
60,7,5.141196876400775,-32.51216434085188,46.72799028454158,845,277,keypoint,4
60,22,8.949539054917722,-0.13286088103724875,55.306857321861784,1403,533,keypoint,4
60,32,4.083554135864707,-21.940375816872333,0,797,210,keypoint,4
61,1,5.727229963199587,1.253274538599531,18.732730710340824,1206,519,keypoint,3
61,2,2.384436213464805,-5.961482903860349,29.01810326154134,1274,897,keypoint,2
61,3,-0.14892763900313527,18.42589595116159,337.84703342094105,946,423,keypoint,3
61,7,5.202639251056638,-32.800731552180004,47.52996517627449,845,278,keypoint,4
61,22,9.026363062990843,0.1895017961042657,54.572929199211146,1392,527,keypoint,4
61,32,4.109656636005114,-22.025487738520805,8.012214159284108,797,211,keypoint,4
62,1,5.727229963199587,1.253274538599531,18.732730710340824,1206,519,keypoint,3
62,2,2.454363905885459,-5.94308134694204,26.313108374213492,1282,893,keypoint,2
62,3,-0.13502212046250656,17.258626855874496,291.13961536374313,946,426,keypoint,3
62,7,5.157964994320071,-32.80870987438975,45.78789796390365,846,278,keypoint,4
62,22,9.05043917150293,0.9980106369822914,55.597889950008366,1360,514,keypoint,4
62,32,4.109656636005114,-22.025487738520805,4.006107079642054,797,211,keypoint,4
63,1,5.759338559044265,1.3138605616735062,19.418414902884088,1206,518,keypoint,3
63,2,2.5178348028127444,-6.0236220731673535,23.764554684788365,1299,905,keypoint,2
63,3,0.1850774900094846,15.75381431333888,260.27203111778954,952,430,keypoint,3
63,7,5.113249333295307,-32.81669559094191,39.39511432376153,847,278,keypoint,4
63,22,9.072771769180331,1.6388020874707254,57.74246696774873,1338,505,keypoint,4
63,32,4.085266911428392,-22.027100402763022,3.4040275019467985,798,211,keypoint,4
64,1,5.812679511531574,1.371463666199837,19.551054143940505,1207,517,keypoint,3
64,2,1.9333728797995426,-5.5489025770466975,28.388663369358817,1182,844,keypoint,3
64,3,0.3245634135026683,13.869676967902421,228.6016488389924,955,436,keypoint,3
64,7,5.175169812026244,-33.1129784792895,18.824682402537,847,279,keypoint,4
64,22,9.520461606640358,2.2789937226984947,49.89661598453959,1335,496,keypoint,4
64,32,4.085266911428392,-22.027100402763022,2.553020626460099,798,211,keypoint,4
65,1,5.812679511531574,1.371463666199837,5.217158429153465,1207,517,keypoint,3
65,3,0.5786734634630526,12.460621475535303,182.4983691648764,961,441,keypoint,3
65,7,5.129879679038832,-33.12121106811482,16.391216759329037,848,279,keypoint,4
65,22,9.210998322067416,2.7836605428765124,51.929956948901676,1308,491,keypoint,4
65,32,4.109656636005114,-22.025487738520805,2.482390170479337,797,211,keypoint,4
65,8,3.8082458313974743,-26.90535143727128,7.610842817684078,849,251,keypoint,4
66,1,5.738584800463635,1.317515953008508,4.555643714232848,1205,518,keypoint,3
66,3,0.7216887803546413,11.233736164421884,163.1507420667301,965,446,keypoint,3
66,7,5.129879679038832,-33.12121106811482,13.583010416238421,848,279,keypoint,4
66,22,9.492428265919362,3.304701641562702,54.9569230910777,1304,485,keypoint,4
66,32,4.109656636005114,-22.025487738520805,2.0686584753994475,797,211,keypoint,4
66,8,3.7411324739194405,-26.746271530916644,9.004269549824354,850,250,keypoint,4
67,1,5.603249379032277,1.2750258138612303,4.660110439572681,1200,519,keypoint,3
67,3,0.7778381100890904,10.359264699840278,144.86447941166847,967,450,keypoint,3
67,7,5.192828614357073,-33.42527583931775,16.251614360600477,848,280,keypoint,4
67,22,9.330162494563359,3.861867085377783,55.54656203609551,1284,480,keypoint,4
67,32,4.160645560828798,-22.110101273876325,3.0432836552082776,796,212,keypoint,4
67,8,3.774239802741672,-26.909289024713498,10.667723742327134,850,251,keypoint,4
68,1,5.644611834340413,1.2677691441419405,5.080052336093193,1202,519,keypoint,3
68,3,0.9721769212293949,9.333190753330076,126.46259838762113,973,455,keypoint,3
68,7,5.192828614357073,-33.42527583931775,13.346436522525668,848,280,keypoint,4
68,22,9.49616887216902,4.756455277261564,58.975246546838385,1269,472,keypoint,4
68,32,4.109656636005114,-22.025487738520805,3.7742525400649005,797,211,keypoint,4
68,8,3.7420373580117188,-26.582474545150607,13.28517417921285,849,249,keypoint,4
69,1,5.5721778335196674,1.2149315823073006,5.33186287384561,1200,520,keypoint,3
69,3,1.156594666704288,8.575394909732662,113.41670583687814,979,459,keypoint,3
69,7,5.1469490594999385,-33.433765636511836,10.917274478293441,849,280,keypoint,4
69,22,9.427039404495877,5.420435137243743,59.04560926936899,1253,467,keypoint,4
69,32,4.059319989160201,-21.941956625397367,4.33014623516174,798,210,keypoint,4
69,8,3.7420373580117188,-26.582474545150607,11.650053256902703,849,249,keypoint,4
70,1,5.561851268439735,1.2822887389785849,5.803739777468318,1198,519,keypoint,3
70,3,1.2388857452854796,7.58504838675115,109.56365322770885,983,465,keypoint,3
70,7,5.192828614357073,-33.42527583931775,8.433499583660799,848,280,keypoint,4
70,22,9.746692459102354,6.355917850832508,65.61758359826224,1245,460,keypoint,4
70,8,3.709831142756402,-26.425415453514116,11.63157124230306,849,248,keypoint,4
71,1,5.593056575751789,1.3431480624668144,6.487671679040741,1198,518,keypoint,3
71,3,1.354444321226616,6.8276199696780635,105.55206323668784,988,470,keypoint,3
71,7,5.0236935679255605,-32.83268924823036,14.142200659413495,849,278,keypoint,4
71,22,9.58047668402958,7.374760453021578,67.8520305963137,1223,454,keypoint,4
71,8,3.7110104007359808,-26.2675897909177,12.192319117576425,848,247,keypoint,4
72,1,5.582735930268346,1.4121247274770012,6.499432540901221,1196,517,keypoint,3
72,3,1.4707553247352962,6.26176702402927,95.94408212220712,993,474,keypoint,3
72,7,4.978853348085439,-32.84069720959275,14.1434659550337,850,278,keypoint,4
72,22,9.955314979392316,8.579367101613355,74.05601307313572,1215,447,keypoint,4
72,8,3.6471349952110073,-26.119667016309556,12.109752489610226,849,246,keypoint,4
73,1,5.614443808240651,1.4744871843156873,6.413965467169142,1196,516,keypoint,3
73,3,1.5681687625638907,5.615180134817963,83.5899849955193,998,479,keypoint,3
73,7,4.920014208854809,-32.550978607828085,14.072955146675405,850,277,keypoint,4
73,22,10.070856174933112,9.60228540633418,76.53825493727359,1204,442,keypoint,4
73,8,3.6810957212706645,-25.96399326330202,13.361525662828097,847,245,keypoint,4
74,1,4.2893832592583845,1.1812774470792164,19.985101780976713,1143,524,keypoint,2
74,3,1.6863667455931675,5.0138634359335335,75.40036559227539,1004,484,keypoint,3
74,7,4.875655962782987,-32.558762819967,14.06299299205623,851,277,keypoint,4
74,22,10.095322824358758,10.287395587902319,77.47379064647788,1196,439,keypoint,4
74,8,3.7133043620800863,-25.960578114615945,13.384063925733674,846,245,keypoint,4
75,1,4.3335503199240994,1.2369562554675082,19.77925975744108,1144,523,keypoint,2
75,3,1.5659706810698488,4.402589348919401,69.27861717226783,1002,490,keypoint,3
75,7,4.875655962782987,-32.558762819967,14.06299299205623,851,277,keypoint,4
75,22,10.036266054223587,11.57434656633494,84.4349634518237,1180,434,keypoint,4
75,8,3.7133043620800863,-25.960578114615945,11.657488721528146,846,245,keypoint,4
76,1,4.357359631578059,1.2968643889369913,19.00543174370648,1144,522,keypoint,2
76,3,1.8610125217246263,3.6714140643314024,68.40048061197996,1016,497,keypoint,3
76,7,4.875655962782987,-32.558762819967,10.957868943899845,851,277,keypoint,4
76,22,10.640772790726768,13.782571851507942,101.5265620708755,1171,426,keypoint,4
76,8,3.650565463781274,-25.817909236557714,11.552578019793051,847,244,keypoint,4
77,1,4.42688303961583,1.4150819084719295,19.956944774997307,1145,520,keypoint,2
77,3,1.991215536150119,3.291496842672431,61.97341507571792,1023,501,keypoint,3
77,7,4.763214446294753,-31.999694016059287,16.66050887758824,851,275,keypoint,4
77,22,11.219157865389102,15.756842278999704,113.0004459041954,1165,420,keypoint,4
77,8,3.5620882937743517,-25.394555412108478,12.593611175042788,847,241,keypoint,4
78,1,4.472832641819453,1.4733472347247383,19.802407065480974,1146,519,keypoint,2
78,3,1.9808014162584182,2.876308887826411,58.32746948871866,1025,506,keypoint,3
78,7,4.719828871860105,-32.00704835990438,16.63396927826243,852,275,keypoint,4
78,22,11.209309848511776,16.997002381427187,118.72674967169989,1155,417,keypoint,4
78,8,3.629840684995414,-24.977689838504972,16.816966393017612,842,238,keypoint,4
79,1,4.476703522586802,1.5397730382025847,19.786350547851992,1145,518,keypoint,2
79,3,1.972825706033032,2.1924411050615795,55.229016819779574,1029,515,keypoint,3
79,7,4.708989317746099,-31.730082055048378,18.939168218420555,851,274,keypoint,4
79,22,11.666222886698986,19.687163183027725,136.12774445747215,1144,411,keypoint,4
79,8,3.599512247244188,-24.980598778580646,15.518371015505718,843,238,keypoint,4
80,1,4.498006903413122,1.5360208410583278,19.31873161816073,1146,518,keypoint,2
80,3,0.9038682650520047,1.5719925870398954,59.926805953321896,985,527,keypoint,2
80,7,4.6560323786450555,-31.466775640064803,15.462446786744632,851,273,keypoint,4
80,22,12.125622312797857,21.167193481011328,141.30152000447004,1142,408,keypoint,4
80,8,3.5139622152274272,-24.726617283831676,16.620096595706574,844,236,keypoint,4
81,1,4.51109708317396,1.4003647645754227,19.984148401688728,1149,520,keypoint,2
81,3,2.268966473444284,1.0971842637874825,68.60312671436802,1051,531,keypoint,3
81,7,4.613615055784297,-31.47372485909181,15.436778031229371,852,273,keypoint,4
81,22,12.16721645915944,23.007507297322537,147.09357061829763,1132,405,keypoint,4
81,8,3.3508131484190398,-24.24225926691387,20.119819772679232,846,232,keypoint,4
82,1,4.4900572522405815,1.4040416598570378,19.498130826411526,1148,520,keypoint,2
82,3,2.217715785159655,0.5449012210472538,67.61084825069027,1054,541,keypoint,3
82,7,4.571160617741277,-31.48068015868954,12.910651403567183,853,273,keypoint,4
82,22,13.00135628748184,26.256755846068675,170.3454367667332,1127,400,keypoint,4
82,8,3.3760351942598774,-24.361819452409694,19.748385682268538,846,233,keypoint,4
83,1,4.465229678523363,1.3428774589531274,6.587105706941538,1148,521,keypoint,2
83,3,1.2478022193753089,-0.1775387024372055,73.57662821064616,1010,559,keypoint,2
83,7,4.580187336325047,-31.75154501488558,15.170442910572584,854,274,keypoint,4
83,22,13.79941500680342,29.365456626829783,195.58501122108,1123,396,keypoint,4
83,8,3.4052511195183275,-24.359207543751477,19.717818212830213,845,233,keypoint,4
84,1,4.465229678523363,1.3428774589531274,5.87641175372475,1148,521,keypoint,2
84,3,1.2779681471384048,-0.5251424274849688,70.83555194256287,1014,567,keypoint,2
84,7,4.554837258088832,-32.32135590032008,20.874187922634665,857,276,keypoint,4
84,22,13.820721474897649,31.363064901571274,202.67917729830756,1115,394,keypoint,4
84,8,3.5166664848226095,-24.598559501997755,22.35794592834351,843,235,keypoint,4
85,1,5.912785409887391,1.5595893818248554,19.86862844721729,1207,514,keypoint,3
85,3,1.3964092219900532,-1.0476850369849673,68.30894180053308,1025,580,keypoint,2
85,7,4.519320032280531,-32.621294473523726,23.894529311030315,859,277,keypoint,4
85,22,13.608843311922413,32.561915774207414,191.9587456581541,1108,393,keypoint,4
85,8,3.5166664848226095,-24.598559501997755,20.79940243757583,843,235,keypoint,4
85,43,3.4927947631302145,-24.351381127209866,0,842,233,keypoint,4
86,1,5.8703618122660695,1.5671823772647404,18.928150921932577,1205,514,keypoint,3
86,3,1.4501457000488585,-1.4390010476852009,68.24273407818544,1032,591,keypoint,2
86,7,4.474593449639278,-32.629143323249764,18.645989766769933,860,277,keypoint,4
86,22,14.828291627357322,38.21385559698431,229.20621689126426,1102,388,keypoint,4
86,43,3.495606557036041,-24.229494139516408,10.972747423823574,841,232,keypoint,4
87,1,5.8703618122660695,1.5671823772647404,18.18611223116117,1205,514,keypoint,3
87,3,1.4828023078582975,-1.9706312888187307,69.41587165619472,1040,608,keypoint,2
87,7,4.422338743095018,-32.344206629085775,21.10283075735121,860,276,keypoint,4
87,22,14.786368508725195,39.739355700832476,232.06498537559173,1097,387,keypoint,4
87,43,3.469683631376941,-24.112078237376764,10.897329875450472,841,231,keypoint,4
88,1,5.8491359114323975,1.570981398971392,17.736359260950163,1204,514,keypoint,3
88,3,1.5778296839241923,-2.3145680973836598,66.14495983598907,1051,620,keypoint,2
88,7,4.415038492249306,-32.05871376439765,21.18690925393058,859,275,keypoint,4
88,22,17.053571849437997,49.394046013483354,303.95132196231185,1092,381,keypoint,4
88,43,3.415672440749643,-23.998927134527243,11.026314864238918,842,230,keypoint,4
89,1,5.8703618122660695,1.5671823772647404,17.735678251479143,1205,514,keypoint,3
89,3,1.6960435045728686,-2.727196752221527,58.07752427195942,1066,636,keypoint,2
89,7,4.519320032280531,-32.621294473523726,24.222759209235807,859,277,keypoint,4
89,22,17.08859914782088,51.728579094517194,311.80238546925267,1087,380,keypoint,4
89,43,3.444162955724065,-23.996484295766837,8.91312478113212,841,230,keypoint,4
90,1,5.857934116774805,1.4999014824459445,17.05700691500452,1206,515,keypoint,3
90,3,1.7466603240043264,-3.1086206704636563,47.47205025341444,1077,653,keypoint,2
90,7,4.4913234771257216,-33.237284267848196,29.95918806636631,862,279,keypoint,4
90,22,16.56384348601292,52.14623376774066,300.1012897813393,1082,380,keypoint,4
90,43,3.5010944376054094,-23.991602866605184,8.159026500046698,839,230,keypoint,4
91,1,4.4900572522405815,1.4040416598570378,30.55573636215392,1148,520,keypoint,2
91,3,1.808508172063126,-3.431952532509883,45.21743041627445,1089,669,keypoint,2
91,7,4.613597474623528,-34.19344327103652,39.168439209027696,863,282,keypoint,4
91,22,18.237232686600848,62.32351750261325,369.69458305697464,1075,376,keypoint,4
91,43,3.5557007136831364,-24.10459975741359,8.681682338839398,838,231,keypoint,4
92,1,4.4861536740066175,1.339234909486296,30.544867250297468,1149,521,keypoint,2
92,3,1.9530760717313576,-3.734156139262621,36.473444647591,1109,685,keypoint,2
92,7,4.73330663079589,-34.86797146003389,43.30896984730765,863,284,keypoint,4
92,22,18.21077773971182,65.93687281182389,373.73406093505037,1069,375,keypoint,4
92,43,3.670155980170711,-24.094648810530032,8.918560945545705,834,231,keypoint,4
92,45,9.515114287575823,-69.15625679340963,0,874,326,keypoint,3
93,1,4.465229678523363,1.3428774589531274,30.757254103374958,1148,521,keypoint,2
93,3,2.0312813653178705,-4.062402180187653,36.35868000917963,1126,705,keypoint,2
93,7,4.8094287799487585,-35.590319721982475,44.86870604697723,864,286,keypoint,4
93,22,18.579520505031258,69.52052567416443,389.782581446499,1066,374,keypoint,4
93,43,3.7254835588820887,-24.330578709524417,10.529958650022163,834,233,keypoint,4
93,45,9.123347658587756,-67.37996883464803,163.70799623916977,875,325,keypoint,3
94,1,4.444296669447248,1.3465215775494246,16.33285555119894,1147,521,keypoint,2
94,3,2.090037276493225,-4.458837832324519,35.00836522600912,1146,733,keypoint,2
94,7,4.7591453073867385,-35.600711756774245,42.361825660022674,865,286,keypoint,4
94,22,23.38868119430663,90.99088422837401,597.6319900777476,1065,369,keypoint,4
94,43,3.698728077097888,-24.092164700994488,11.75906922938465,833,231,keypoint,4
94,45,8.85733445466708,-65.6497777516735,160.627448734218,875,324,keypoint,3
95,1,4.419868182329112,1.2860242270105744,16.554310551692087,1147,522,keypoint,2
95,3,2.2011094544774172,-4.872775546944951,35.34428882456345,1176,767,keypoint,2
95,7,4.772631297025056,-35.98315115976304,45.734496349127454,866,287,keypoint,4
95,22,23.716339584155776,98.18150272758044,611.7928290173069,1059,368,keypoint,4
95,43,3.7272835153363113,-24.089682039795346,10.826506656953406,832,231,keypoint,4
95,45,9.123347658587756,-67.37996883464803,159.60059956590075,875,325,keypoint,3
96,1,4.419868182329112,1.2860242270105744,16.554310551692087,1147,522,keypoint,2
96,3,2.338633378026794,-5.300032945303702,34.50641448454282,1216,809,keypoint,2
96,7,4.734701922256196,-36.38806610613236,46.90448588953913,868,288,keypoint,4
96,22,24.274413034814117,106.18628644492114,676.774207269305,1054,367,keypoint,4
96,43,3.755162634608409,-24.20661142386905,10.826142091301339,832,232,keypoint,4
97,1,4.395718005130046,1.2262161132898264,16.983677932349842,1147,523,keypoint,2
97,3,2.391006680990921,-5.602582071473981,34.00867093157519,1244,845,keypoint,2
97,7,4.748233337406458,-36.794103447918,48.11125153377531,869,289,keypoint,4
97,22,25.304929444899685,114.81273558653916,664.4788360346731,1051,366,keypoint,4
97,43,3.8122566552861086,-24.446072671083474,12.034068152145473,832,234,keypoint,4
98,1,4.371841408677576,1.1670855245524188,17.405738559091134,1147,524,keypoint,2
98,3,2.3734822097150037,-5.935227155182579,33.04745193297581,1270,893,keypoint,2
98,7,4.791390257328123,-38.08911367782095,55.34690253092981,872,292,keypoint,4
98,22,29.810676707105674,150.06369724887585,996.5084312949645,1043,363,keypoint,4
98,43,3.81205225714065,-24.571401539399208,13.001407998525984,833,235,keypoint,4
99,1,5.759338559044265,1.3138605616735062,30.673935859718565,1206,518,keypoint,3
99,3,2.592099983186797,-6.261947555650428,33.13093079690976,1337,946,keypoint,2
99,7,5.126942947443889,-39.44161395917212,63.11568289828423,870,295,keypoint,4
99,22,28.877549449181952,152.21513671981143,1013.2525274640486,1039,363,keypoint,4
100,1,5.727229963199587,1.253274538599531,17.647303610045526,1206,519,keypoint,3
100,3,2.6430538351927324,-6.2875758388034235,30.40935128958887,1348,950,keypoint,2
100,7,5.375077430546434,-40.95794693928947,68.84124127269916,870,298,keypoint,4
100,22,28.161639899838416,153.8657540916637,928.1049815892998,1036,363,keypoint,4
100,43,3.8416155589110645,-24.957377535484078,14.365536893593754,835,238,keypoint,4
101,1,5.727229963199587,1.253274538599531,16.9980615275644,1206,519,keypoint,3
101,3,2.671517541619605,-6.269414653822589,27.396963490454063,1350,946,keypoint,2
101,7,5.254573885754161,-40.98971589452589,63.23676747287439,872,298,keypoint,4
101,22,27.184892176369576,156.11776590202817,916.5175440291262,1032,363,keypoint,4
101,43,3.871794435938812,-24.954482940465873,13.413714929615116,834,238,keypoint,4
102,1,5.727229963199587,1.253274538599531,16.785674674486913,1206,519,keypoint,3
102,3,2.7380246289162793,-6.074813852843706,26.07914409224111,1336,910,keypoint,2
102,7,5.2796337161740245,-41.54729905836685,61.554746461659924,873,299,keypoint,4
102,22,32.18146584000467,194.41054527662342,1266.6656903128132,1029,361,keypoint,4
102,43,3.871794435938812,-24.954482940465873,12.264844642305832,834,238,keypoint,4
103,1,5.747862282709209,1.2496547842327066,16.78267072687602,1207,519,keypoint,3
103,3,2.552280616715427,-6.080610803091625,23.929827383853354,1310,914,keypoint,4
103,7,5.2182171199040654,-41.5638501726779,61.67736231739291,874,299,keypoint,4
103,22,40.50757717518234,254.29125201830138,1651.2098580646614,1027,359,keypoint,4
103,43,3.901954695695488,-24.951590131115832,10.144526645823797,833,238,keypoint,4
104,1,5.747862282709209,1.2496547842327066,16.13023832385625,1207,519,keypoint,3
104,3,2.991831795097662,-6.536013546123755,25.973292316347393,1440,995,keypoint,2
104,7,5.305595327823473,-42.12494692426937,63.529187155684184,874,300,keypoint,4
104,22,55.06139294404265,369.7579052241493,2743.0315145169393,1023,357,keypoint,4
104,43,3.901954695695488,-24.951590131115832,7.745420660903294,833,238,keypoint,4
105,1,5.727229963199587,1.253274538599531,16.339712720865357,1206,519,keypoint,3
105,3,2.7069746589086594,-6.112913595805341,26.585403975516293,1336,917,keypoint,4
105,7,5.48977154790509,-43.30762944052675,71.43168444544528,874,302,keypoint,4
105,22,92.12204511381215,674.1385691845041,5729.075085403306,1018,355,keypoint,4
105,43,3.8714967045694824,-24.82278627508194,8.782349521527621,833,237,keypoint,4
106,1,5.727229963199587,1.253274538599531,15.69471337779746,1206,519,keypoint,3
106,7,5.332508288627403,-42.72376238239298,73.41581206012671,875,301,keypoint,4
106,22,146.33568735945423,1093.9073288016086,9874.748847590985,1017,354,keypoint,4
106,43,3.841533206842901,-24.69607358311614,8.882351482836542,833,236,keypoint,4
107,1,5.747862282709209,1.2496547842327066,15.266495185655137,1207,519,keypoint,3
107,7,5.205156695111573,-42.75965660210429,61.78165414741425,877,301,keypoint,4
107,22,-556.8881738957682,-4418.561308712592,65090.79765551316,1014,352,keypoint,4
107,43,3.8714967045694824,-24.82278627508194,7.7226880937894355,833,237,keypoint,4
108,1,5.747862282709209,1.2496547842327066,1.3141073835705837,1207,519,keypoint,3
108,7,5.295622454227673,-43.36361892644814,53.9536173752316,877,302,keypoint,4
108,22,-145.8503112879544,-1224.2297091572295,97274.03322278486,1011,351,keypoint,4
108,43,3.841533206842901,-24.69607358311614,7.771469842539735,833,236,keypoint,4
109,1,5.747862282709209,1.2496547842327066,0.6284231910273177,1207,519,keypoint,3
109,7,5.230731758568162,-43.3823323627163,39.263955174390894,878,302,keypoint,4
109,22,-54.94904728298428,-510.6224511000383,104449.7772557489,1006,349,keypoint,4
109,43,3.8712039861129592,-24.693306990758405,6.133932067164137,832,236,keypoint,4
110,1,5.727229963199587,1.253274538599531,0.8378975880364236,1206,519,keypoint,3
110,7,5.191082691005685,-44.048265882810966,44.688874193417945,880,303,keypoint,4
110,22,-28.892528357590965,-283.8565342669447,106707.81036130403,1004,346,keypoint,4
110,43,3.9003215511045313,-24.563286002333015,7.163173031333471,830,235,keypoint,4
111,1,5.759338559044265,1.3138605616735062,1.5235817805796894,1206,518,keypoint,3
111,7,5.124793406950858,-44.06783242937689,39.798581043983056,881,303,keypoint,4
111,22,-16.89014493254181,-180.39287068091593,107363.211575575,1001,342,keypoint,4
111,43,3.929709266568364,-24.56058407640355,7.4582896564008365,829,235,keypoint,4
112,1,4.39243412718406,1.163541299176048,15.065556785422185,1148,524,keypoint,2
112,7,4.9494405427421455,-42.83173054718399,51.6472808774312,881,301,keypoint,4
112,22,-14.364208137345145,-164.61512586342732,106918.4303033448,998,341,keypoint,4
112,43,3.8992774747490673,-24.31504150405918,9.62951489287205,828,233,keypoint,4
113,1,4.371841408677576,1.1670855245524188,15.274511706160082,1147,524,keypoint,2
113,7,4.885299490379888,-42.849808789964044,46.63508555035423,882,301,keypoint,4
113,22,-12.266078123520943,-151.50958814174615,105887.35209895727,995,340,keypoint,4
113,43,3.813041469090601,-23.96485584920702,13.235990201759723,828,230,keypoint,4
114,1,4.395718005130046,1.2262161132898264,15.702729898302405,1147,523,keypoint,2
114,7,4.821073294586081,-42.86791103053596,35.33299810576986,883,301,keypoint,4
114,22,-8.63835971749496,-117.62013817472344,103161.89701584827,992,336,keypoint,4
114,43,3.785178057855815,-23.851708598993316,13.077705255688352,828,229,keypoint,4
115,1,4.395718005130046,1.2262161132898264,15.702729898302405,1147,523,keypoint,2
115,7,4.821073294586081,-42.86791103053596,29.286242990069937,883,301,keypoint,4
115,22,-7.706908118306477,-111.2862794722236,98993.3652305877,990,335,keypoint,4
115,43,3.81322986895959,-23.849336492030922,12.057152427703066,827,229,keypoint,4
116,1,4.419868182329112,1.2860242270105744,16.138254844361196,1147,522,keypoint,2
116,7,4.75676178571385,-42.886037316715004,28.631281026756092,884,301,keypoint,4
116,22,-6.030662178137597,-96.49758815772287,43570.77273317083,987,332,keypoint,4
116,43,3.7855849792591765,-23.737961488072333,11.902626904707803,827,228,keypoint,4
117,1,4.419868182329112,1.2860242270105744,16.1382548443612,1147,522,keypoint,2
117,7,4.858722663514417,-44.1463682842365,35.16876622377041,885,303,keypoint,4
117,22,-5.470153369030725,-96.07637640651164,11371.097671496676,984,332,keypoint,4
117,43,3.7855849792591765,-23.737961488072333,10.600554806042352,827,228,keypoint,4
118,1,4.419868182329112,1.2860242270105744,16.1382548443612,1147,522,keypoint,2
118,7,4.725136479612296,-44.18579879438836,35.88625486387347,887,303,keypoint,4
118,22,-4.484632178260223,-88.35102043518413,4255.241431319697,981,330,keypoint,4
118,43,3.7855849792591765,-23.737961488072333,10.302559977938511,827,228,keypoint,4
119,1,4.419868182329112,1.2860242270105744,15.92878044735209,1147,522,keypoint,2
119,7,4.64275849837363,-43.551894424275616,35.607472826023276,887,302,keypoint,4
119,22,-3.9670982207217333,-82.08505809669046,2035.5342291877034,980,328,keypoint,4
119,43,3.759566643660627,-23.409422685340775,12.265819669774745,825,225,keypoint,4
120,1,4.444296669447248,1.3465215775494246,15.89552865782859,1147,521,keypoint,2
120,7,4.563313677384217,-42.94056092895592,41.08104520237698,887,301,keypoint,4
120,22,-3.242820622102635,-76.57535531438342,1049.5301672643993,977,326,keypoint,4
120,43,3.7601572614029966,-23.302512411675526,13.039822095351235,824,224,keypoint,4
121,1,4.444296669447248,1.3465215775494246,2.144079255976992,1147,521,keypoint,2
121,7,4.486648099164338,-42.35061390257764,34.54534495113891,887,300,keypoint,4
121,22,-2.882024290134991,-71.98455395377333,935.7931355903651,976,324,keypoint,4
121,43,3.7607389060312078,-23.197226400240012,11.618486304592047,823,223,keypoint,4
122,1,5.782709624734667,1.44461355144676,15.355151437388619,1204,516,keypoint,3
122,7,4.295679286727825,-42.40323677416881,35.85980917096145,890,300,keypoint,4
122,22,-2.567342432538819,-67.98051685025428,843.2327211206374,975,322,keypoint,4
122,43,3.6826299948087318,-22.99738443259946,10.157653417982793,824,221,keypoint,4
123,1,4.469008305287881,1.4077201482431094,27.859651511245044,1147,520,keypoint,2
123,7,4.304178111989214,-43.01359864024407,41.296734304571665,891,301,keypoint,4
123,22,-2.176037605694953,-64.40369480189719,538.3837224350896,973,320,keypoint,4
123,43,3.6826299948087318,-22.99738443259946,8.99237791765846,824,221,keypoint,4
124,1,4.469008305287881,1.4077201482431094,27.85965151124504,1147,520,keypoint,2
124,7,4.312997635671595,-43.64699217018813,47.63128360008574,892,302,keypoint,4
124,22,-1.947936845236027,-64.29642486706192,476.88455726676574,971,320,keypoint,4
124,43,3.7080965958077368,-23.09761462048199,9.745007491652503,824,222,keypoint,4
125,1,4.4900572522405815,1.4040416598570378,27.428331705013047,1148,520,keypoint,2
125,7,4.456854864559874,-44.26498723017474,53.308289702171095,891,303,keypoint,4
125,22,-1.5567800846227076,-62.573521257000785,345.7181786557638,968,319,keypoint,4
125,43,3.7080965958077368,-23.09761462048199,8.597460915982317,824,222,keypoint,4
126,1,4.4900572522405815,1.4040416598570378,27.428331705013047,1148,520,keypoint,2
126,7,4.637234862229929,-46.348569292877436,61.57755829246594,892,306,keypoint,4
126,22,-1.2185188786746384,-58.29285473482773,381.6469399302354,966,316,keypoint,4
126,43,3.733936265242958,-23.19931311265282,9.646759339994368,824,223,keypoint,4
127,1,4.444296669447248,1.3465215775494246,28.163354888746742,1147,521,keypoint,2
127,7,4.637234862229929,-46.348569292877436,60.18471825641129,892,306,keypoint,4
127,22,-0.9871839131676422,-56.96247112007525,317.27077182502927,964,315,keypoint,4
127,43,3.7080965958077368,-23.09761462048199,10.696057764006419,824,222,keypoint,4
128,1,4.444296669447248,1.3465215775494246,28.16335488874674,1147,521,keypoint,2
128,7,4.653861520500121,-47.11511261286311,61.459608375770046,893,307,keypoint,4
128,22,-0.6734113519484556,-55.66580620880459,267.7386731391705,961,314,keypoint,4
128,43,3.6826299948087318,-22.99738443259946,8.434532190786706,824,221,keypoint,4
129,1,4.469008305287881,1.4077201482431094,28.170917182741274,1147,520,keypoint,2
129,7,4.581211555652855,-47.13873487898415,56.05880800670208,894,307,keypoint,4
129,22,-0.468397525870765,-54.47363485691707,224.26434200313355,959,313,keypoint,4
129,43,3.6561861124740407,-22.999387631373462,7.630609617920961,825,221,keypoint,4
130,1,4.469008305287881,1.4077201482431094,28.17091718274127,1147,520,keypoint,2
130,7,4.241669154424193,-49.78230433435397,76.76258977726677,902,310,keypoint,3
130,22,-0.2737396485945927,-53.34168415316347,189.70043065943798,957,312,keypoint,4
131,1,4.469008305287881,1.4077201482431094,14.750890080591748,1147,520,keypoint,2
131,7,4.43558465549557,-47.186085726257595,100.81622953871141,896,307,keypoint,4
131,22,-0.09498288368956728,-53.275450928670864,151.44292080441434,955,312,keypoint,4
132,1,4.444296669447248,1.3465215775494246,2.268692114598195,1147,521,keypoint,2
132,7,4.630722818102516,-49.645685482385446,119.385304078391,897,310,keypoint,4
132,22,0.17217069975058164,-52.17143891365889,126.82004977290275,952,311,keypoint,4
132,43,3.681467301057694,-23.099659640099603,6.922433213888002,825,222,keypoint,4
133,1,4.444296669447248,1.3465215775494246,2.2686921145981946,1147,521,keypoint,2
133,7,4.6675586085212695,-51.51082691583102,131.70580622266442,899,312,keypoint,4
133,22,0.25882142471369296,-52.14019111776243,125.22052741505212,951,311,keypoint,4
133,43,3.733149241996102,-23.30464414925801,6.89078398020018,825,224,keypoint,4
134,1,4.419868182329112,1.2860242270105744,2.707444980782056,1147,522,keypoint,2
134,7,4.7701904872543635,-52.47825840783708,135.08923068510884,899,313,keypoint,4
134,22,0.25882142471369296,-52.14019111776243,107.55304185276799,951,311,keypoint,4
134,43,3.7601572614029966,-23.302512411675526,7.161704156156822,824,224,keypoint,4
135,1,4.419868182329112,1.2860242270105744,2.707444980782056,1147,522,keypoint,2
135,7,4.990213792594677,-54.5522482557188,135.03175644064297,899,315,keypoint,4
135,22,0.345324299155984,-52.10899663939908,65.53249301817827,950,311,keypoint,4
135,43,3.813954419868522,-23.40507049710644,7.285669949427389,823,225,keypoint,4
136,1,4.375004270392123,1.229794635722808,2.6917643809872844,1146,523,keypoint,2
136,7,5.019625864046587,-55.702474009966885,146.53777380410398,900,316,keypoint,4
136,22,0.43167970116676774,-52.07785534222318,52.94701408969553,949,311,keypoint,4
136,43,3.813954419868522,-23.40507049710644,7.28566994942739,823,225,keypoint,4
137,1,4.375004270392123,1.229794635722808,2.6917643809872844,1146,523,keypoint,2
137,7,5.14157101388657,-56.87395501146211,150.64864594095263,900,317,keypoint,4
137,22,0.5945206654361105,-51.063025443142436,49.88424245606741,947,310,keypoint,4
137,43,3.813954419868522,-23.40507049710644,6.236371525415338,823,225,keypoint,4
138,1,4.375004270392123,1.229794635722808,2.031769683972984,1146,523,keypoint,2
138,7,5.1765964517240874,-58.14713898373909,162.62136346333097,901,318,keypoint,4
138,22,0.6676942656530702,-50.12368809020601,47.20936669738309,946,309,keypoint,4
138,43,3.813954419868522,-23.40507049710644,5.187073101403287,823,225,keypoint,4
139,1,4.375004270392123,1.229794635722808,2.031769683972984,1146,523,keypoint,2
139,7,5.252608391711371,-60.91019320000421,163.6095009247415,903,320,keypoint,4
139,22,0.7376378423881835,-49.2258148950853,44.72963918230635,945,308,keypoint,4
139,43,3.8137775040162105,-23.513548308913624,5.237703817455297,824,226,keypoint,4
140,1,5.88757666613971,1.4259956315373021,17.28421238386927,1209,516,keypoint,3
140,7,5.153976928051301,-60.95657704659133,138.66493336328077,904,320,keypoint,4
140,22,0.8178309439626248,-49.199074565459135,43.66865123330661,944,308,keypoint,4
140,43,3.841159824241568,-23.511326780172475,5.247230227488121,823,226,keypoint,4
141,1,5.812679511531574,1.371463666199837,17.55067972126121,1207,517,keypoint,3
141,7,5.491729146058938,-65.641329615157,160.96076940189914,905,323,keypoint,4
141,22,0.8978966937882931,-49.172376701178095,33.153890867243916,943,308,keypoint,4
141,43,3.923891345751801,-23.614652582078016,6.226189243574321,821,227,keypoint,4
142,1,5.759338559044265,1.3138605616735062,18.33575136533739,1206,518,keypoint,3
142,7,5.544621131544378,-67.43737944098967,160.27400262983144,906,324,keypoint,4
142,22,1.0766567549299215,-49.98377814156973,40.54135728615159,941,309,keypoint,4
142,43,3.923891345751801,-23.614652582078016,4.112196054983727,821,227,keypoint,4
143,1,5.727229963199587,1.253274538599531,18.36900315486089,1206,519,keypoint,3
143,7,5.779185107667706,-71.32880484678557,189.53028468189763,907,326,keypoint,4
143,22,1.158052087253428,-49.95593202594,41.401625051426926,940,309,keypoint,4
143,43,3.95142588438141,-23.61238770118279,4.11755119515485,820,227,keypoint,4
144,1,5.747862282709209,1.2496547842327066,18.578477551869998,1207,519,keypoint,3
144,7,5.89684089684282,-71.26038469120135,170.035041165377,906,326,keypoint,4
144,22,1.2963257424386947,-49.03952083347383,49.749911155285986,938,308,keypoint,4
144,43,3.95142588438141,-23.61238770118279,2.959436557210078,820,227,keypoint,4
145,1,5.747862282709209,1.2496547842327066,17.859134967931077,1207,519,keypoint,3
145,7,5.779185107667706,-71.32880484678557,159.89006026052346,907,326,keypoint,4
145,22,1.5058945267865718,-48.13867971605676,58.08088867223877,935,307,keypoint,4
145,43,3.9232148993053113,-23.50466964863246,4.0729462574012905,820,226,keypoint,4
146,1,5.759338559044265,1.3138605616735062,18.511368574493638,1206,518,keypoint,3
146,7,5.543004002414229,-71.46615081234137,150.84408350081017,909,326,keypoint,4
146,22,1.527563396540364,-46.570279449328815,63.48827107985911,934,305,keypoint,4
146,43,3.8682817955011104,-23.400723142213195,5.248638482872466,821,225,keypoint,4
147,1,5.759338559044265,1.3138605616735062,18.511368574493638,1206,518,keypoint,3
147,7,5.6033942219873,-73.66135134057971,160.0677373409071,910,327,keypoint,4
147,22,1.6467793408783382,-45.7997264709438,61.8636466122323,932,304,keypoint,4
147,43,3.8954228645358007,-23.39855127475406,5.520916766363066,820,225,keypoint,4
148,1,5.759338559044265,1.3138605616735062,18.511368574493638,1206,518,keypoint,3
148,7,5.668216066207889,-76.0176426023169,155.9985688826154,911,328,keypoint,4
148,22,1.6900309635512543,-45.08166807792678,60.05131138805163,931,303,keypoint,4
148,43,3.8954228645358007,-23.39855127475406,4.436137205636852,820,225,keypoint,4
149,1,5.759338559044265,1.3138605616735062,3.258925874597353,1206,518,keypoint,3
149,7,5.869436506849984,-78.4671147192404,179.48586385169992,911,329,keypoint,4
149,22,1.7611200219173384,-45.060684786423806,59.947184506130384,930,303,keypoint,4
149,43,3.9225488711197243,-23.396380612613957,4.433541495321579,819,225,keypoint,4
150,1,5.759338559044265,1.3138605616735062,2.33246384019111,1206,518,keypoint,3
150,7,6.3196486544556505,-83.94758230365318,187.50602910089108,911,331,keypoint,4
150,22,1.8321080408693116,-45.03973131863106,59.84334658595724,929,303,keypoint,4
150,43,3.9496598277881882,-23.39421115478978,3.3818589000309185,818,225,keypoint,4
151,1,5.727229963199587,1.253274538599531,2.2330763886581977,1206,519,keypoint,3
151,7,6.4259276322582295,-87.13669690515424,201.44659455759606,912,332,keypoint,4
151,22,1.497330316295539,-43.804712506143694,64.3306402688973,933,301,keypoint,4
151,43,3.9496598277881882,-23.39421115478978,3.3818589000309185,818,225,keypoint,4
152,1,5.727229963199587,1.253274538599531,1.5473921961149317,1206,519,keypoint,3
152,7,6.278825661072274,-87.24724124965533,164.30179303635126,913,332,keypoint,4
152,22,1.5919466303260552,-44.43169965488183,69.81123310423054,932,302,keypoint,4
153,1,5.738584800463635,1.317515953008508,1.9902897524084606,1205,518,keypoint,3
153,7,5.752277950476182,-84.3544953438918,192.3435308802576,915,331,keypoint,4
153,22,1.6346550039235506,-43.766007356302836,67.21399941452738,931,301,keypoint,4
154,1,4.371841408677576,1.1670855245524188,15.740259980726572,1147,524,keypoint,2
154,7,5.2631357453004854,-81.6672476683557,218.2965204276389,917,330,keypoint,4
154,22,1.715375137228417,-42.50782853666993,70.57268816030795,929,299,keypoint,4
155,1,4.395718005130046,1.2262161132898264,15.72571896331544,1147,523,keypoint,2
155,7,4.941571545932249,-79.07635280138278,241.67212669545293,918,329,keypoint,4
155,22,1.8259377154167336,-40.7844977092152,72.15592698863377,926,296,keypoint,4
156,1,4.419868182329112,1.2860242270105744,16.37071830638334,1147,522,keypoint,2
156,7,4.941571545932249,-79.07635280138278,219.71181627460965,918,329,keypoint,4
156,22,1.8934584247336332,-39.73205734680611,74.9047610063638,924,294,keypoint,4
157,1,4.419868182329112,1.2860242270105744,16.37071830638334,1147,522,keypoint,2
157,7,4.346601648165337,-92.34281177097097,328.9379268358221,927,333,keypoint,3
157,22,1.9848484317000121,-39.21783767055424,72.93393987415365,922,293,keypoint,4
158,1,4.419868182329112,1.2860242270105744,16.370718306383342,1147,522,keypoint,2
158,7,4.538817907795855,-96.17810475639598,342.76176173626516,927,334,keypoint,3
158,22,2.07316594282824,-38.720905856155504,77.23991726879763,920,292,keypoint,4
159,1,4.419868182329112,1.2860242270105744,16.370718306383342,1147,522,keypoint,2
159,7,4.888445214382425,-84.97402822149029,399.86777889359684,921,331,keypoint,4
159,22,2.1285953017392263,-37.800674107012185,85.71875480164555,918,290,keypoint,4
160,1,4.419868182329112,1.2860242270105744,15.685034113840073,1147,522,keypoint,2
160,7,4.043718267656589,-101.00221478835714,528.463236573298,931,335,keypoint,3
160,22,2.210463614621596,-37.34977582876576,77.50556954088893,916,289,keypoint,4
161,1,4.423354640952742,1.350167266289325,16.327411330251866,1146,521,keypoint,2
161,7,3.686892359841171,-101.31450628638623,531.3649964670416,933,335,keypoint,3
161,22,2.235228249684982,-36.92480516167732,75.42162513672366,915,288,keypoint,4
162,1,4.444296669447248,1.3465215775494246,15.887609272243212,1147,521,keypoint,2
162,7,3.3521203497583754,-97.16303971992855,543.6116482723996,934,334,keypoint,3
162,22,2.229619246215403,-36.123486368291495,76.76440039589964,914,286,keypoint,4
163,1,4.444296669447248,1.3465215775494246,2.1376390439251014,1147,521,keypoint,2
163,7,3.007718309343067,-97.44888644542267,520.77334696659,936,334,keypoint,3
163,22,2.275778783183641,-35.35715112143901,71.8339870323013,912,284,keypoint,4
164,1,4.469008305287881,1.4077201482431094,2.1599411517879714,1147,520,keypoint,2
164,7,2.834610721953363,-97.59256224058898,496.91525290676066,937,334,keypoint,3
164,22,2.2978782790419716,-34.990257869768,58.240830943037544,911,283,keypoint,4
165,1,4.4900572522405815,1.4040416598570378,1.7286213455559785,1148,520,keypoint,2
165,7,2.7833084433880106,-102.10531650695528,542.0457115709413,938,335,keypoint,3
165,22,2.3991469736913884,-34.97046945442027,48.72662977134464,909,283,keypoint,4
166,1,4.465229678523363,1.3428774589531274,2.388732539893557,1148,521,keypoint,2
166,7,2.7264700099289203,-107.10505317087555,459.2483711091602,939,336,keypoint,3
166,22,2.419195555339617,-34.6144543610346,47.06964417770551,908,282,keypoint,4
167,1,4.465229678523363,1.3428774589531274,2.388732539893557,1148,521,keypoint,2
167,7,2.8075906420098056,-118.69418613724251,536.7414729656468,940,338,keypoint,3
167,22,2.469037740194626,-34.60489179531258,42.52996692524741,907,282,keypoint,4
168,1,4.440686521048823,1.2824139343378278,3.0412817248386452,1148,522,keypoint,2
168,7,2.5921665520108004,-118.91892420460756,427.7592828425332,941,338,keypoint,3
168,22,2.4878399544030056,-34.25897311544609,36.77526380077115,906,281,keypoint,4
169,1,4.419868182329112,1.2860242270105744,3.252572387252182,1147,522,keypoint,2
169,7,2.6663188118423196,-133.69142469957964,414.98184105525223,942,340,keypoint,3
169,22,2.5061322144684226,-33.92243645101504,35.56289499553051,905,280,keypoint,4
170,1,4.419868182329112,1.2860242270105744,2.61019517084039,1147,522,keypoint,2
170,7,2.4208993693680885,-133.9842727772742,414.0608714280139,943,340,keypoint,3
170,22,2.4761208502535967,-33.603596608580865,34.50847044006744,905,279,keypoint,4
171,1,4.465229678523363,1.3428774589531274,3.124946065796128,1148,521,keypoint,2
171,7,2.174259947535319,-134.27857660193928,376.25131179717584,944,340,keypoint,3
171,22,2.3249536291151616,-33.006373125305394,32.65566586350672,907,277,keypoint,4
172,1,4.440686521048823,1.2824139343378278,3.777495250741216,1148,522,keypoint,2
172,7,2.1949733559333273,-153.8576314178969,567.5662448239577,945,342,keypoint,3
172,22,2.371680390091036,-32.998173274044106,25.452831899206522,906,277,keypoint,4
173,1,4.461495946886366,1.2788051873269901,3.328700757011957,1149,522,keypoint,2
173,7,1.7404791780164395,-166.85157069917085,695.3354546878222,947,343,keypoint,3
173,22,2.4183632081978415,-32.989981134102464,22.25121136079834,905,277,keypoint,4
174,1,4.437119021795377,1.2190636384339104,3.760256614511787,1149,523,keypoint,2
174,7,1.1959649540520072,-182.41917333913014,805.9762217669626,949,344,keypoint,3
174,22,2.494093364534471,-33.28444753048888,24.259857154700587,904,278,keypoint,4
175,1,4.413018129233756,1.1599985739943859,3.738074480455363,1149,524,keypoint,2
175,7,4.863152940282418,-176.3285089047895,827.0702522248478,938,344,keypoint,4
175,22,2.5412676667937246,-33.27602272813204,21.17327247875229,903,278,keypoint,4
176,1,4.413018129233756,1.1599985739943859,3.738074480455363,1149,524,keypoint,2
176,7,4.967275817746864,-193.25777146765003,880.4719111094204,939,345,keypoint,4
176,22,2.619425089620151,-33.57754755988507,23.780656883902648,902,279,keypoint,4
177,1,4.389188607108532,1.1015985684223606,3.716271423166175,1149,525,keypoint,2
177,7,4.700510586247422,-214.81998946409007,1092.9974791909458,941,346,keypoint,4
177,22,2.619425089620151,-33.57754755988507,20.316363935266295,902,279,keypoint,4
178,1,4.36562589772713,1.0438524519901908,4.128664593827549,1149,526,keypoint,2
178,7,4.810943424824945,-241.0770198643165,1207.84323947971,942,347,keypoint,4
178,22,2.6825216404450916,-33.2507963495077,20.273904751107303,900,278,keypoint,4
179,1,4.3859807767377585,1.040375168678569,4.335162196420565,1150,526,keypoint,2
179,7,4.953752667931395,-275.03201627645984,1543.575333822726,943,348,keypoint,4
179,22,2.65112032016095,-32.949135724357745,20.104318906248167,900,277,keypoint,4
180,1,5.862972776879226,1.295607307911694,18.59666662157518,1211,518,keypoint,3
180,7,-1.9866027027082531,-521.6858395690217,4007.249947090626,954,351,keypoint,3
180,22,2.697540778108584,-32.94098962472017,14.415037223776332,899,277,keypoint,4
181,1,4.382809983335045,0.979858642066666,33.078776717153815,1151,527,keypoint,2
181,7,-7.027573385747969,-1162.7827425684713,10222.626503069083,955,353,keypoint,3
181,22,2.8233735539991978,-33.22564177431644,17.05287512112911,897,278,keypoint,4
182,1,5.798006482486343,1.175466042091293,47.154085486163176,1211,520,keypoint,3
182,7,43.45417469692111,4196.29569608328,63685.7696372405,957,355,keypoint,3
182,22,2.904794746524508,-33.5256746486449,19.687757869221254,896,279,keypoint,4
183,1,5.800819143727871,1.3065545226621076,47.82003660798844,1208,518,keypoint,3
183,7,17.868473626387654,1224.8463402635189,93245.59347924055,959,356,keypoint,3
183,22,2.988255135920915,-33.83322185775005,19.833978007844344,895,280,keypoint,4
184,1,5.747862282709209,1.2496547842327066,47.95941117964813,1207,519,keypoint,3
184,7,8.807636233400167,518.2630544696241,100240.91264162963,960,358,keypoint,3
184,22,2.988255135920915,-33.83322185775005,19.35477115392849,895,280,keypoint,4
185,1,5.723447266046622,0.9968364767717546,50.49935585672389,1212,523,keypoint,3
185,7,7.685642182792072,399.1535871218781,101262.76433142759,961,359,keypoint,3
185,22,3.036209664621883,-33.82434809634417,16.72756099833072,894,280,keypoint,4
186,1,5.74359077895755,0.9933564663466509,50.07302880473157,1213,523,keypoint,3
186,7,7.685642182792072,399.1535871218781,101047.12565015387,961,359,keypoint,3
186,22,3.046863728673226,-33.49985013814534,19.97428910453267,893,279,keypoint,4
187,1,5.712513892499261,0.9363415634251903,50.09868864238003,1213,524,keypoint,3
187,7,6.97687327850231,323.9115779357889,101537.00649747431,962,360,keypoint,3
187,22,3.021269075344184,-32.88418012560314,22.808431921058624,892,277,keypoint,4
188,1,5.7525637114856725,0.9294485645855225,50.298577731725615,1215,524,keypoint,3
188,7,7.543245525894427,268.8834532547704,101747.76392292975,965,361,keypoint,3
188,22,3.031710111782245,-32.584034808816206,22.778794784765143,891,276,keypoint,4
189,1,5.761429589545945,0.866303136674895,35.947400448945224,1217,525,keypoint,3
189,7,6.488546699985809,272.0714468519218,99313.82874155277,963,361,keypoint,3
189,22,3.0418871561578493,-32.29147839200898,25.234830562181013,890,275,keypoint,4
190,1,4.381047931539642,0.5718184554798196,34.92718323751795,1159,534,keypoint,2
190,7,6.592647529456751,232.97943398395424,93293.58304261114,965,362,keypoint,3
190,22,3.086787428729654,-32.28386728975817,22.577992727661794,889,275,keypoint,4
191,1,5.700154562070534,0.7556397544100107,33.95920486229373,1217,527,keypoint,3
191,7,6.26713696884898,204.3462190038827,39986.77170649342,966,363,keypoint,3
191,22,3.168023187450934,-32.560526219912624,22.352538883638083,888,276,keypoint,4
192,1,5.728747195850761,0.6912548908322618,33.35250038028375,1220,528,keypoint,3
192,7,6.26713696884898,204.3462190038827,10271.176638750045,966,363,keypoint,3
192,22,3.1764654188084265,-32.26866585972131,22.085657665720515,887,275,keypoint,4
193,1,4.497574371551094,0.5524742229558447,44.964896490750874,1165,534,keypoint,2
193,7,6.671378866899959,203.41418967145555,3214.922032557041,967,363,keypoint,3
193,22,3.1927261423002142,-31.70650872207342,27.70958030509728,885,273,keypoint,4
194,1,5.795859981536536,0.6210796155980935,55.425921873616296,1225,529,keypoint,3
194,7,7.469670000039782,201.5736314426052,2043.836726699565,969,363,keypoint,3
194,22,3.122869410454922,-31.184894227348163,32.48460843041799,885,271,keypoint,4
195,1,4.575103684987397,0.5396037957258637,67.45622488220219,1169,534,keypoint,2
195,7,7.863804543471102,200.66490585732595,2053.7418982158338,970,363,keypoint,3
195,22,3.1313538470231124,-30.926478065254713,31.823434394333088,884,270,keypoint,4
196,1,4.571038165363455,0.48464223584113697,67.35799839636557,1170,535,keypoint,2
196,7,8.254654092005099,199.76375423114362,1311.1110394298278,971,363,keypoint,3
196,22,3.065248432182669,-30.440082246206657,30.57009060223158,884,268,keypoint,4
196,76,3.8889824617872017,-21.86725086684979,0,804,209,keypoint,4
197,1,4.648021205839718,0.4719066122339628,67.73190553559786,1174,535,keypoint,2
197,7,8.642259544394275,198.87008226696068,770.541732711627,972,363,keypoint,3
197,22,2.992444903382347,-30.21102511610619,29.970309463812004,885,267,keypoint,4
197,76,3.8889824617872017,-21.86725086684979,0.0,804,209,keypoint,4
198,1,4.540151782129916,0.326433752931723,68.9052839795089,1172,538,keypoint,2
198,7,9.026661123268408,197.9837972265693,746.623002373864,973,363,keypoint,3
198,76,3.8889824617872017,-21.86725086684979,0.0,804,209,keypoint,4
199,1,4.551364119354365,0.21866977526442666,55.874298941803744,1175,540,keypoint,2
199,7,7.742570925590693,159.86994951158675,737.0562142461513,974,365,keypoint,3
199,76,3.8889824617872017,-21.86725086684979,0.0,804,209,keypoint,4
200,1,4.547555143827848,0.16717642241793776,43.07210870553587,1176,541,keypoint,2
200,7,7.698031262675135,144.88241027897496,600.5816166933478,976,366,keypoint,3
200,76,3.8889824617872017,-21.86725086684979,0.0,804,209,keypoint,4
201,1,4.566201146055349,0.16415344256723702,42.55652129974831,1177,541,keypoint,2
201,7,7.98604334369742,144.39053320362686,606.2815642024727,977,366,keypoint,3
201,76,3.8893432951890756,-21.953044311304495,1.5442956585885503,805,210,keypoint,4
202,1,4.584839988863924,0.16113162343607437,30.355643656710154,1178,541,keypoint,2
202,7,8.272295047356604,143.90166256212513,601.7874887254391,978,366,keypoint,3
202,22,3.269551388017572,-29.050546934557374,29.429184091431026,874,262,keypoint,4
203,1,4.599408965726871,0.10724083040532804,17.912927361674857,1180,542,keypoint,2
203,7,8.556802464054526,143.41577087472254,587.3558650740956,979,366,keypoint,3
203,22,3.175612369729346,-28.447320120180173,35.07875065012235,874,259,keypoint,4
204,1,4.595389081845582,0.056906940262377616,6.183146854574813,1181,543,keypoint,2
204,7,9.12064782363664,142.4528161075622,588.6095621076361,981,366,keypoint,3
204,22,3.1526768881558263,-28.060509025042606,36.0702647135665,873,257,keypoint,4
205,1,4.605714166728422,-0.04510455044372477,6.657356525569586,1184,545,keypoint,2
205,7,8.969917522258934,130.2695207106803,700.6292249676643,983,367,keypoint,3
205,22,3.182491721538435,-28.249561474256815,35.064330476607246,873,258,keypoint,4
206,1,4.637994867395559,-0.0996413511627251,6.510806038996903,1187,546,keypoint,2
206,7,8.60154791152617,120.24346624782405,791.2163325349857,984,368,keypoint,3
206,22,3.2193995486116065,-28.244811214374064,29.81253048747053,872,258,keypoint,4
207,1,4.647710124528221,-0.19839018581690354,5.692035605589107,1190,548,keypoint,2
207,7,8.056689583884857,111.86753036385734,865.4921526386044,984,369,keypoint,3
207,22,3.2193995486116065,-28.244811214374064,24.549815939904907,872,258,keypoint,4
208,1,4.643569741131149,-0.24558483235722536,5.082337736298206,1191,549,keypoint,2
208,7,8.282508359933283,111.56004658757453,487.952401655062,985,369,keypoint,3
208,22,3.256279718927432,-28.240064514082746,22.3361056711588,871,258,keypoint,4
209,1,4.6623938144308825,-0.43510019462150273,6.470476786509678,1197,553,keypoint,2
209,7,8.507240089266876,111.25404297708924,341.8729586379202,986,369,keypoint,3
209,22,3.293132263561028,-28.235321369383296,17.79899679156007,870,258,keypoint,4
210,1,4.654216611044586,-0.5243070658441656,7.177390872580146,1199,555,keypoint,2
210,7,8.21480159054186,103.69677812610006,411.8022199726892,987,370,keypoint,3
210,22,3.3299572135409568,-28.230581776282154,15.766796313258649,869,258,keypoint,4
211,1,4.671521220401128,-0.5269922958390066,7.163685866924137,1200,555,keypoint,2
211,7,8.155343970656592,96.79154204053371,475.19203209429907,989,371,keypoint,3
211,22,3.3351684560471617,-28.037378629539006,15.313322079029838,868,257,keypoint,4
212,1,4.697590699788747,-0.6196918564053501,7.568387255944689,1204,557,keypoint,2
212,7,7.915513498743924,90.89193307696401,528.6062615513821,990,372,keypoint,3
212,22,3.304202375762793,-27.85261130165914,11.081790024044539,868,256,keypoint,4
212,86,3.7264045003831128,-21.15407065868958,0,802,200,keypoint,4
213,1,4.689234895814701,-0.7053284911768688,7.923878864757015,1206,559,keypoint,2
213,7,7.7009190934076885,85.61310813384132,570.2792428072878,991,373,keypoint,3
213,22,3.3402736121773238,-27.848108560493994,7.570397251743087,867,256,keypoint,4
213,86,3.749227831796374,-21.15277057046468,2.0574296970141743,801,200,keypoint,4
214,1,4.731398343004801,-0.7969975747606665,7.907560292490915,1211,561,keypoint,2
214,7,7.333022651785755,76.56319413688844,539.0108527040198,993,375,keypoint,3
214,22,3.407975884793096,-28.028150451810276,7.580011262808981,866,257,keypoint,4
214,86,3.7716195122460743,-21.2276807794176,4.547049211018994,801,201,keypoint,4
214,87,4.855656259554753,-0.8994040738042557,0,1221,563,keypoint,2
215,1,4.792280659341969,-1.0121006749937111,9.509348208520619,1221,566,keypoint,2
215,7,7.3285930860264985,72.51085093581236,479.20611534826975,995,376,keypoint,3
215,22,3.403524453421919,-28.22111322893044,9.138029762722947,867,258,keypoint,4
215,87,4.822855302660927,-1.1744193001210705,24.92679577446408,1228,570,keypoint,2
216,1,4.804104045480829,-1.0538738394645866,8.95123391620564,1223,567,keypoint,2
216,7,6.896112289609695,65.81560118752797,462.36176014770103,996,378,keypoint,3
216,22,3.4402668051481844,-28.216384266722578,9.508484010092307,866,258,keypoint,4
216,87,4.758630008379371,-1.164867038746116,15.385327318092585,1224,570,keypoint,2
217,1,4.73841027085406,-1.2004120401343081,10.083373763390458,1224,571,keypoint,2
217,7,6.396878666135274,60.238152880898426,514.5442521378639,996,380,keypoint,3
217,22,3.510283689699817,-28.403576832868644,11.135225231748068,865,259,keypoint,4
217,87,4.813867952343241,-1.2497725341626413,13.29566033024716,1230,572,keypoint,2
218,1,4.7302231188207635,-1.2752488013931353,8.931727022637936,1226,573,keypoint,2
218,7,6.429218512641973,57.55331790465754,537.5979384398494,998,381,keypoint,3
218,22,3.510283689699817,-28.403576832868644,10.7636599659318,865,259,keypoint,4
218,87,4.816376011069828,-1.3625641625685865,12.510184218736656,1234,575,keypoint,2
219,1,5.866714729710116,-1.2132084946380546,19.417755511767155,1289,567,keypoint,3
219,7,6.459165727900651,55.06711776295932,486.83253457484403,1000,382,keypoint,3
219,22,3.5136691263888364,-28.206936945394265,12.359063201631471,864,258,keypoint,4
219,87,5.020454263263803,-1.165009375860438,15.120775649510298,1239,569,keypoint,2
220,1,5.968227469997585,-1.2675740404696454,20.394178648103424,1297,568,keypoint,3
220,7,6.3687584710208895,52.843182418940124,440.0353359642119,1001,383,keypoint,3
220,22,3.5136691263888364,-28.206936945394265,10.426329051265393,864,258,keypoint,4
221,1,4.906819189860623,-1.5209188480398665,30.343469498854933,1245,579,keypoint,2
221,7,6.284376966340001,50.76747503528337,401.76473670802807,1002,384,keypoint,3
221,22,3.5136691263888364,-28.206936945394265,8.552886669444076,864,258,keypoint,4
222,7,6.2054382074694105,48.82565419120098,368.3671337829232,1003,385,keypoint,3
222,22,3.5503291574515594,-28.202218578352156,8.558999052878114,863,258,keypoint,4
223,7,6.238848767396807,46.934796010284835,296.7047795080068,1005,386,keypoint,3
223,22,3.5869618097648517,-28.197503735120197,7.004843154359375,862,258,keypoint,4
223,1,4.980011805269414,-2.1550509256418118,32.674746868356095,1275,598,keypoint,2
224,7,6.097725881175279,43.62267349902483,289.33259958083244,1007,388,keypoint,3
224,22,3.6235671139880936,-28.19279241175231,5.443774472042346,861,258,keypoint,4
224,1,4.984989639304152,-2.3039507922261757,33.15556908182813,1282,603,keypoint,2
225,7,5.8765139941275875,40.734421155254324,251.2076795521564,1008,390,keypoint,3
225,22,3.6235671139880936,-28.19279241175231,5.073320224672987,861,258,keypoint,4
225,1,4.98064162724487,-2.4176957767673195,32.05831839808505,1287,607,keypoint,2
226,7,5.821394957049808,39.378543552988035,208.78018678261162,1009,391,keypoint,3
226,22,3.6601451007349097,-28.188084604308365,3.4435322414092933,860,258,keypoint,4
226,1,4.998825735748346,-2.475982198000558,32.23474768518627,1291,609,keypoint,2
227,7,5.859994864644427,38.04317982114936,195.2891043441486,1011,392,keypoint,3
227,1,4.882287409232027,-2.515193574117238,31.85843045700339,1285,611,keypoint,2
228,7,5.950641458768093,37.99244099195385,171.46410800087844,1012,392,keypoint,3
228,1,4.875694827180097,-2.6481443602933523,32.436739164769214,1291,616,keypoint,2
229,7,6.041116660421973,37.941798098555424,150.24323048090528,1013,392,keypoint,3
229,1,4.8770811978454836,-2.7262016733099568,21.835598197843208,1295,619,keypoint,2
230,7,6.072809695285559,36.682249201362765,142.06848804582552,1015,393,keypoint,3
230,1,5.007245287346494,-2.8938398986099303,22.80644494422679,1313,625,keypoint,2
231,7,6.017117970105948,35.53347013280189,134.13552333990003,1016,394,keypoint,3
231,1,4.990453570526533,-3.058855016983112,13.552871633164957,1321,632,keypoint,2
232,7,6.047847970285708,34.396765251288386,126.59519189189339,1018,395,keypoint,3
232,1,4.920108663658593,-3.3813390232483687,13.661832830832735,1335,647,keypoint,2
233,7,5.995435727452746,33.35760342281211,103.84874307916094,1019,396,keypoint,3
233,1,4.8800660510729985,-3.53966143095128,13.805079049748743,1342,655,keypoint,2
234,7,5.865530250758297,32.406599875580895,84.47997992712445,1019,397,keypoint,3
234,1,4.939794579810997,-3.7763085095958155,15.107481512019113,1363,667,keypoint,2
235,7,6.025237896859455,32.326597427310844,72.69625598687357,1021,397,keypoint,3
235,1,4.884535272457943,-3.94764300299776,16.297163325205947,1371,677,keypoint,2
236,7,6.053644828683004,31.343859673417793,69.16852332867542,1023,398,keypoint,3
236,1,5.0055761862457135,-4.047038960392922,16.633801808213335,1389,682,keypoint,2
237,7,6.0807522623380805,30.40607805625905,77.5114478721676,1025,399,keypoint,3
237,1,4.981384540722551,-4.1587083650700745,16.445257981998267,1396,689,keypoint,2
238,7,6.180898984641882,29.475198813788897,85.83711122911305,1028,400,keypoint,3
238,1,4.9517142819598625,-4.295667222601079,17.065920118913116,1405,698,keypoint,2
239,7,6.276519339194296,28.586392858258268,82.1769827269826,1031,401,keypoint,3
239,1,4.969503937157429,-4.48806923132756,16.875759961308795,1424,711,keypoint,2
240,7,6.297085069868521,27.769066795855945,78.85154816315965,1033,402,keypoint,3
240,1,4.985843058961148,-4.586767851088891,16.21750640206131,1435,718,keypoint,2
241,7,6.3167901190284645,26.98594605512012,75.31403241735117,1035,403,keypoint,3
241,1,5.136186140272418,-4.748469142592507,15.124782786276784,1466,729,keypoint,2
241,22,3.5226058026172176,-25.831282096686884,5.017407164924516,851,244,keypoint,4
242,7,6.267691050595684,26.26475415159383,72.13781808359522,1036,404,keypoint,3
242,1,5.257313973572604,-4.7235167505374385,14.728418400173332,1475,726,keypoint,2
242,22,3.4618983052129506,-25.6906955691846,4.582055253568048,852,243,keypoint,4
243,7,6.220498318972102,25.571563485485694,69.48742093234011,1037,405,keypoint,3
243,1,5.218942971289781,-4.941619377212089,14.502257647620148,1496,744,keypoint,2
243,22,3.4905636592102,-25.834630769996284,6.049673887699104,852,244,keypoint,4
244,7,6.240574865643171,24.877015390534865,74.64955199763189,1039,406,keypoint,3
244,1,5.101241754938324,-5.29760487338819,16.451394844476194,1529,778,keypoint,2
244,22,3.4936723414530264,-25.687422461641255,7.52208517378857,851,243,keypoint,4
245,7,6.305956986047079,24.84929449103822,65.52822951124672,1040,406,keypoint,3
245,1,5.047929524524502,-5.445880976112376,16.460864795820306,1544,794,keypoint,2
245,22,3.4967256861099134,-25.542834605226258,8.598661847720741,850,242,keypoint,4
246,7,6.323980895433043,24.182588807239547,62.815989042372934,1042,407,keypoint,3
246,1,5.129002537333851,-5.746720229797862,18.433986903477447,1601,828,keypoint,2
246,22,3.4685138436452254,-25.403922043639717,9.646797605025405,850,241,keypoint,4
246,99,3.772866429776072,-21.001970840813467,0,798,198,keypoint,4
247,7,6.404117068044854,23.515386583546913,60.17345600748495,1045,408,keypoint,3
247,1,5.111610239820363,-5.83836323152581,17.96541638246784,1615,840,keypoint,2
247,22,3.499725157740328,-25.400797848110578,9.591398012210696,849,241,keypoint,4
247,99,3.772866429776072,-21.001970840813467,0.0,798,198,keypoint,4
248,7,6.03171692787403,21.89517208298051,67.85871978406834,1044,411,keypoint,3
248,1,5.098241597007522,-5.9758469359575175,17.41451101771509,1639,859,keypoint,2
248,22,3.52819565525356,-25.539639076190873,11.00870023275138,849,242,keypoint,4
248,99,3.817877691058556,-20.999475587041715,2.0286167369889183,796,198,keypoint,4
249,7,5.957994527354456,20.84264494920647,70.23393069673433,1046,413,keypoint,3
249,1,5.075943946043681,-6.0560672429959865,17.246707214688108,1652,871,keypoint,2
249,22,3.52819565525356,-25.539639076190873,10.639903192988378,849,242,keypoint,4
249,99,3.817877691058556,-20.999475587041715,1.3524111579926121,796,198,keypoint,4
250,7,5.945096035329137,19.837788793441305,72.44963392759199,1049,415,keypoint,3
250,1,5.061885365326818,-6.094485246861302,15.447854018983596,1658,877,keypoint,2
250,22,3.499725157740328,-25.400797848110578,10.483330490013836,849,241,keypoint,4
250,99,3.817877691058556,-20.999475587041715,1.0143083684944592,796,198,keypoint,4
251,7,5.966499862403882,19.349820299920985,70.10539765508103,1051,416,keypoint,3
251,1,5.104854265426815,-6.194280516966143,15.297669291636854,1685,892,keypoint,2
251,22,3.502672169674515,-25.261245263559694,10.347829102091772,848,240,keypoint,4
251,99,3.7956394718456123,-20.92742000755024,2.1688119946302757,796,197,keypoint,4
252,7,6.007250827605292,18.420772096093966,72.45686012248922,1055,418,keypoint,3
252,1,5.126606101911293,-6.239184369596959,13.582095737024154,1698,899,keypoint,2
252,22,3.5055680862339664,-25.124112245594258,10.251846387183738,847,239,keypoint,4
252,99,3.7956394718456123,-20.92742000755024,1.807343328858563,796,197,keypoint,4
253,7,6.026662802959554,17.97821421442195,69.93831224555282,1057,419,keypoint,3
253,1,5.091448708209396,-6.357839864592124,11.070250488238678,1721,920,keypoint,2
253,22,3.5055680862339664,-25.124112245594258,8.779435101094272,847,239,keypoint,4
253,99,3.7956394718456123,-20.92742000755024,1.549151424735911,796,197,keypoint,4
254,7,5.911056102251437,17.18591009104783,77.23509148165253,1058,421,keypoint,3
254,1,5.209896831615627,-6.497829417471069,11.328327784049677,1774,944,keypoint,2
254,22,3.564488438525831,-25.255145274744212,8.769940919334523,846,240,keypoint,4
254,99,3.817997200164505,-20.92619732432358,1.607407776262997,795,197,keypoint,4
255,7,6.031337918572414,16.747391146477703,75.11275810537774,1062,422,keypoint,3
255,1,5.18631263989056,-5.214968818797805,21.04338179465845,1527,769,keypoint,3
255,22,3.5953673824475847,-25.252098160836226,7.662746190414568,845,240,keypoint,4
255,99,3.8403678009575684,-20.998228820566982,2.1830602006525726,795,198,keypoint,4
256,7,5.939640654076279,15.653101877992368,79.37402818421984,1065,425,keypoint,3
256,1,5.2212106113325785,-5.340069005577682,21.409359707877076,1548,781,keypoint,3
256,22,3.5335900403982987,-25.258194308380443,7.969847268257201,847,240,keypoint,4
256,99,3.8403911838886615,-21.07242309946242,2.9250030264535454,796,199,keypoint,4
257,7,5.929388637496851,14.958093222754485,69.70025987924926,1068,427,keypoint,3
257,1,5.258019575851328,-6.067304587932527,27.30970353113873,1678,870,keypoint,4
257,22,3.5953673824475847,-25.252098160836226,7.173319000581431,845,240,keypoint,4
258,7,5.802731606240886,14.01926795036086,68.62250540262956,1070,430,keypoint,3
258,1,5.529474782528326,-6.080620394971554,29.19490423384266,1716,868,keypoint,4
258,22,3.655484550661244,-25.385206617395287,8.633864621969712,844,241,keypoint,4
259,7,5.5770997400338835,13.476930755676733,64.44712125126266,1068,432,keypoint,3
259,1,5.441947067794095,-6.214645498903454,30.38655378557131,1735,890,keypoint,4
259,22,3.6262268905308606,-25.24905296484401,8.609179641712892,844,240,keypoint,4
260,7,5.533944036565267,12.90860246489615,65.26238875943795,1070,434,keypoint,3
260,1,5.472650969974296,-6.664336385255702,33.80740483227041,1862,973,keypoint,2
260,22,3.65706698111987,-25.246009684957393,7.523241474704089,843,240,keypoint,4
261,7,5.619750665914275,12.883173808106259,56.857925880881794,1072,434,keypoint,3
261,1,5.626748901939863,-6.537067522205315,35.30704400523304,1846,944,keypoint,2
261,22,3.687887672535725,-25.242968319368433,6.46130943404849,842,240,keypoint,4
262,7,5.679773985908734,12.047570300625328,60.805657161698036,1078,437,keypoint,3
262,1,5.650643968256691,-6.508281550162067,34.44361244145849,1841,938,keypoint,2
262,22,3.687887672535725,-25.242968319368433,6.46130943404849,842,240,keypoint,4
263,7,5.717376628947722,11.52409208554439,58.04698828413367,1082,439,keypoint,3
263,1,5.490712589033844,-6.262336272862646,35.54356484671621,1753,897,keypoint,4
263,22,3.717649976871292,-25.378983971785424,6.416940741696992,842,241,keypoint,4
264,7,5.5181195841004405,10.622788423719275,62.73049339397333,1083,443,keypoint,3
264,1,5.6925214576070395,-6.4096492975542425,25.21134969463582,1819,919,keypoint,4
264,22,3.747921681863759,-25.51732761809387,7.522820305072707,842,242,keypoint,4
265,7,5.538404817176529,9.954297902109095,58.43723078058534,1088,446,keypoint,3
265,22,3.778715978470395,-25.658059541820233,8.342662993067547,842,243,keypoint,4
266,7,5.539036635252475,9.535854766864338,55.670824258424936,1091,448,keypoint,3
266,22,3.778715978470395,-25.658059541820233,7.72188904020263,842,243,keypoint,4
267,7,5.53964191419237,9.13498808236971,50.2061916260925,1094,450,keypoint,3
267,22,3.747921681863759,-25.51732761809387,7.701960059674105,842,242,keypoint,4
268,7,5.53964191419237,9.13498808236971,44.33218641851987,1094,450,keypoint,3
268,22,3.7487031228201553,-25.37587560859881,7.723884499234225,841,241,keypoint,4
269,7,5.540222291740508,8.750613196433973,42.47629527723958,1097,452,keypoint,3
269,22,3.718688983076498,-25.239928866271494,8.806191322889804,841,240,keypoint,4
270,7,5.591935351870033,8.190223763788385,47.20904738644515,1103,455,keypoint,3
270,22,3.750225460119041,-25.100310745648216,9.927842361547015,839,239,keypoint,4
271,7,5.574909024947573,8.019178459915324,40.550388374668444,1104,456,keypoint,3
271,22,3.7207135329022187,-24.96897380534709,11.273960697196308,839,238,keypoint,4
272,7,5.494503076454525,7.211425856795317,43.41956472616878,1109,461,keypoint,3
272,22,3.750225460119041,-25.100310745648216,11.227740982594074,839,239,keypoint,4
273,7,5.542799426519373,7.043817525539104,35.93317922038364,1112,462,keypoint,3
273,22,3.750225460119041,-25.100310745648216,9.81157218626126,839,239,keypoint,4
274,7,5.574392651435272,6.732731518544713,32.37205856767265,1116,464,keypoint,3
274,22,3.7509670516611484,-24.966072051096845,9.713362975091595,838,238,keypoint,4
275,7,5.589361928647899,6.294135268530098,32.57613870687994,1121,467,keypoint,3
275,22,3.721699985706994,-24.83695216951365,11.037315578836257,838,237,keypoint,4
276,7,5.618729609725747,6.010148093596019,31.422483513255827,1125,469,keypoint,3
277,7,5.662483771700639,5.8653330516909215,32.93528961623466,1128,470,keypoint,3
278,7,5.662483771700639,5.8653330516909215,29.091536375244694,1128,470,keypoint,3
279,7,5.6608713055409945,5.602635457178497,26.090857508012295,1131,472,keypoint,3
280,7,5.711400088810124,4.853924146725775,31.8760952017588,1142,478,keypoint,3
281,7,5.74826540964733,4.50371210671982,27.280118871305135,1148,481,keypoint,3
282,7,5.745457347842885,4.2849502402609945,27.723638814073787,1151,483,keypoint,3
283,7,5.75431245929812,3.9666546994454226,27.780964132766535,1156,486,keypoint,3
284,7,5.700642960563586,3.7744197051832242,25.388311296144337,1157,488,keypoint,3
285,7,5.712284916998968,3.6727679102054496,23.55645794452785,1159,489,keypoint,3
286,7,5.735048014469522,3.4740118222592704,24.044205292525092,1163,491,keypoint,3
287,7,5.631704766513123,2.770847093759878,31.15138801357428,1171,499,keypoint,3
288,7,5.618870633980309,2.5221544903413,31.014598031231785,1175,502,keypoint,3
289,7,4.1904261361677415,2.011986337743252,38.67859565031419,1125,512,keypoint,2
290,7,5.638121920613745,1.896381740598833,49.68016749541644,1188,510,keypoint,3
291,7,5.648538258215103,1.821205341976491,48.251314660068715,1190,511,keypoint,3
292,7,5.657678615954356,1.605248515694349,47.228629448496434,1195,514,keypoint,3
293,7,5.531444548057595,1.0932559152629249,50.506014195088405,1201,522,keypoint,3
294,7,5.501308878053847,1.0352132936382583,50.13684708503983,1201,523,keypoint,3
295,7,5.621959904705868,0.8902177261166391,50.02256998797119,1210,525,keypoint,3
296,7,4.252689840203641,0.3200911255670127,57.74759832999754,1158,539,keypoint,2
297,7,4.257995851979366,0.01054240090378452,58.353304848377306,1165,545,keypoint,2
298,7,4.28304067858133,-0.2361471549620251,45.66473932503641,1172,550,keypoint,2
299,7,4.280563547610048,-0.6426532669862117,35.20683385774478,1182,559,keypoint,2
